Workbook
Name battery_capacity: battery_capacity!$B$4:$U$4
Name h_trailer_hwmMSRP: MSRP1!$B$4:$T$4
Name volum: volume!$B$4:$U$4

Sheet yearFC
B1: DICE | C1: NGICE | D1: BEVF350 | E1: BEVF510 | F1: BEVE510 | G1: BEVF600 | H1: BEVF730 | I1: BEVF800 | J1: BEVF900 | K1: PHEV | L1: EDPHEV | M1: ELPHEV | N1: FCPHEV | O1: FCEV | P1: MICE | Q1: EDICE | R1: ELICE | S1: H2ICE35 | T1: H2ICE70 | U1: NH3ICE | V1: HNICE | Y1: DICEV | Z1: LNGV | AA1: BEV | AB1: FCEV | AC1: H2ICEV | AD1: MICEV | AF1: 百公里消耗能量密度MJ/100km | AG1: DICEV | AH1: LNGV | AI1: BEV | AJ1: FCEV | AK1: H2ICEV | AL1: MICEV
A2: 2018 | B2: 1.0933333 | C2: 1.56 | D2: 1.05 | E2: 1.07 | F2: =E2 -> 1.07 | G2: =E2 -> 1.07 | H2: =E2 -> 1.07 | I2: =E2 -> 1.07 | J2: =E2 -> 1.07 | K2: 1.07 | L2: =B2 -> 1.0933333 | M2: =C2 -> 1.56 | N2: 1.63 | O2: 1.11725 | P2: 1.28 | Q2: =B2 -> 1.0933333 | R2: =C2 -> 1.56 | S2: =O2 -> 1.11725 | T2: =O2 -> 1.11725 | U2: 1.35 | V2: 1.35 | X2: 2018 | Y2: =B2*38 -> 41.546667 | Z2: =C2*72 -> 112.32 | AA2: =H2*135 -> 144.45 | AB2: =O2*9 -> 10.05525 | AC2: =T2*11 -> 12.28975 | AD2: =110*P2 -> 140.8 | AE2: 使用车辆领域低热值转换 | AF2: 引用 | AG2: =Y2*35.8 -> 1487.3707 | AH2: =Z2*24 -> 2695.68 | AI2: =AA2*3.6 -> 520.02 | AJ2: =AB2*120 -> 1206.63 | AK2: =AC2*120 -> 1474.77 | AL2: =AD2*15.8 -> 2224.64
A3: 2019 | B3: 1.08 | C3: 1.48 | D3: 1.04 | E3: 1.06 | F3: =E3 -> 1.06 | G3: =E3 -> 1.06 | H3: =E3 -> 1.06 | I3: =E3 -> 1.06 | J3: =E3 -> 1.06 | K3: 1.06 | L3: =B3 -> 1.08 | M3: =C3 -> 1.48 | N3: 1.54 | O3: 1.1005 | P3: 1.24 | Q3: =B3 -> 1.08 | R3: =C3 -> 1.48 | S3: =O3 -> 1.1005 | T3: =O3 -> 1.1005 | U3: 1.3 | V3: 1.3 | X3: 2019 | Y3: =B3*38 -> 41.04 | Z3: =C3*72 -> 106.56 | AA3: =H3*135 -> 143.1 | AB3: =O3*9 -> 9.9045 | AC3: =T3*11 -> 12.1055 | AD3: =110*P3 -> 136.4 | AE3: 柴油 | AF3: ASTM D975 | AG3: =Y3*35.8 -> 1469.232 | AH3: =Z3*24 -> 2557.44 | AI3: =AA3*3.6 -> 515.16 | AJ3: =AB3*120 -> 1188.54 | AK3: =AC3*120 -> 1452.66 | AL3: =AD3*15.8 -> 2155.12
A4: 2020 | B4: 1.0666667 | C4: 1.4 | D4: 1.03 | E4: 1.05 | F4: =E4 -> 1.05 | G4: =E4 -> 1.05 | H4: =E4 -> 1.05 | I4: =E4 -> 1.05 | J4: =E4 -> 1.05 | K4: 1.05 | L4: =B4 -> 1.0666667 | M4: =C4 -> 1.4 | N4: 1.45 | O4: 1.08375 | P4: 1.2 | Q4: =B4 -> 1.0666667 | R4: =C4 -> 1.4 | S4: =O4 -> 1.08375 | T4: =O4 -> 1.08375 | U4: 1.25 | V4: 1.25 | X4: 2020 | Y4: =B4*38 -> 40.533333 | Z4: =C4*72 -> 100.8 | AA4: =H4*135 -> 141.75 | AB4: =O4*9 -> 9.75375 | AC4: =T4*11 -> 11.92125 | AD4: =110*P4 -> 132 | AE4: LNG | AF4: 国际气体联合会（IGU）：《LNG手册》（2023版）基于甲烷体积能量密度（纯甲烷：23.9–24.4 MJ/L），考虑典型LNG成分（甲烷占比>90%）取中值 | AG4: =Y4*35.8 -> 1451.0933 | AH4: =Z4*24 -> 2419.2 | AI4: =AA4*3.6 -> 510.3 | AJ4: =AB4*120 -> 1170.45 | AK4: =AC4*120 -> 1430.55 | AL4: =AD4*15.8 -> 2085.6
A5: 2021 | B5: 1.0533333 | C5: 1.32 | D5: 1.02 | E5: 1.04 | F5: =E5 -> 1.04 | G5: =E5 -> 1.04 | H5: =E5 -> 1.04 | I5: =E5 -> 1.04 | J5: =E5 -> 1.04 | K5: 1.04 | L5: =B5 -> 1.0533333 | M5: =C5 -> 1.32 | N5: 1.36 | O5: 1.067 | P5: 1.16 | Q5: =B5 -> 1.0533333 | R5: =C5 -> 1.32 | S5: =O5 -> 1.067 | T5: =O5 -> 1.067 | U5: 1.2 | V5: 1.2 | X5: 2021 | Y5: =B5*38 -> 40.026667 | Z5: =C5*72 -> 95.04 | AA5: =H5*135 -> 140.4 | AB5: =O5*9 -> 9.603 | AC5: =T5*11 -> 11.737 | AD5: =110*P5 -> 127.6 | AE5: BEV | AF5: 国际单位制（SI） | AG5: =Y5*35.8 -> 1432.9547 | AH5: =Z5*24 -> 2280.96 | AI5: =AA5*3.6 -> 505.44 | AJ5: =AB5*120 -> 1152.36 | AK5: =AC5*120 -> 1408.44 | AL5: =AD5*15.8 -> 2016.08
A6: 2022 | B6: 1.04 | C6: 1.24 | D6: 1.01 | E6: 1.03 | F6: =E6 -> 1.03 | G6: =E6 -> 1.03 | H6: =E6 -> 1.03 | I6: =E6 -> 1.03 | J6: =E6 -> 1.03 | K6: 1.03 | L6: =B6 -> 1.04 | M6: =C6 -> 1.24 | N6: 1.27 | O6: 1.05025 | P6: 1.12 | Q6: =B6 -> 1.04 | R6: =C6 -> 1.24 | S6: =O6 -> 1.05025 | T6: =O6 -> 1.05025 | U6: 1.15 | V6: 1.15 | X6: 2022 | Y6: =B6*38 -> 39.52 | Z6: =C6*72 -> 89.28 | AA6: =H6*135 -> 139.05 | AB6: =O6*9 -> 9.45225 | AC6: =T6*11 -> 11.55275 | AD6: =110*P6 -> 123.2 | AE6: FCEV | AF6: SAE J2578标准 | AG6: =Y6*35.8 -> 1414.816 | AH6: =Z6*24 -> 2142.72 | AI6: =AA6*3.6 -> 500.58 | AJ6: =AB6*120 -> 1134.27 | AK6: =AC6*120 -> 1386.33 | AL6: =AD6*15.8 -> 1946.56
A7: 2023 | B7: 1.0266667 | C7: 1.16 | D7: 1 | E7: 1.02 | F7: =E7 -> 1.02 | G7: =E7 -> 1.02 | H7: =E7 -> 1.02 | I7: =E7 -> 1.02 | J7: =E7 -> 1.02 | K7: 1.02 | L7: =B7 -> 1.0266667 | M7: =C7 -> 1.16 | N7: 1.18 | O7: 1.0335 | P7: 1.08 | Q7: =B7 -> 1.0266667 | R7: =C7 -> 1.16 | S7: =O7 -> 1.0335 | T7: =O7 -> 1.0335 | U7: 1.1 | V7: 1.1 | X7: 2023 | Y7: =B7*38 -> 39.013333 | Z7: =C7*72 -> 83.52 | AA7: =H7*135 -> 137.7 | AB7: =O7*9 -> 9.3015 | AC7: =T7*11 -> 11.3685 | AD7: =110*P7 -> 118.8 | AE7: H2ICEV | AG7: =Y7*35.8 -> 1396.6773 | AH7: =Z7*24 -> 2004.48 | AI7: =AA7*3.6 -> 495.72 | AJ7: =AB7*120 -> 1116.18 | AK7: =AC7*120 -> 1364.22 | AL7: =AD7*15.8 -> 1877.04
A8: 2024 | B8: 1.0133333 | C8: 1.08 | D8: 0.985 | E8: 1.01 | F8: =E8 -> 1.01 | G8: =E8 -> 1.01 | H8: =E8 -> 1.01 | I8: =E8 -> 1.01 | J8: =E8 -> 1.01 | K8: 1.01 | L8: =B8 -> 1.0133333 | M8: =C8 -> 1.08 | N8: 1.09 | O8: 1.01675 | P8: 1.04 | Q8: =B8 -> 1.0133333 | R8: =C8 -> 1.08 | S8: =O8 -> 1.01675 | T8: =O8 -> 1.01675 | U8: 1.05 | V8: 1.05 | X8: 2024 | Y8: =B8*38 -> 38.506667 | Z8: =C8*72 -> 77.76 | AA8: =H8*135 -> 136.35 | AB8: =O8*9 -> 9.15075 | AC8: =T8*11 -> 11.18425 | AD8: =110*P8 -> 114.4 | AE8: MICEV | AF8: 国际可再生能源机构（IRENA）：《甲醇燃料生命周期评估》（2023）基于密度0.791 kg/L及质量能量密度19.9 MJ/kg（LHV）计算得出.中国国标GB/T 23510-2009：车用甲醇燃料（M100）要求低热值≥15.0 MJ/L | AG8: =Y8*35.8 -> 1378.5387 | AH8: =Z8*24 -> 1866.24 | AI8: =AA8*3.6 -> 490.86 | AJ8: =AB8*120 -> 1098.09 | AK8: =AC8*120 -> 1342.11 | AL8: =AD8*15.8 -> 1807.52
A9: 2025 | B9: 1 | C9: 1 | D9: 1 | E9: 1 | F9: =E9 -> 1 | G9: =E9 -> 1 | H9: =E9 -> 1 | I9: =E9 -> 1 | J9: =E9 -> 1 | K9: 1 | L9: 1 | M9: 1 | N9: 1 | O9: 1 | P9: 1 | Q9: 1 | R9: 1 | S9: 1 | T9: =O9 -> 1 | U9: 1 | V9: 1 | X9: 2025 | Y9: =B9*38 -> 38 | Z9: =C9*72 -> 72 | AA9: =H9*135 -> 135 | AB9: =O9*9 -> 9 | AC9: =T9*11 -> 11 | AD9: =110*P9 -> 110 | AG9: =Y9*35.8 -> 1360.4 | AH9: =Z9*24 -> 1728 | AI9: =AA9*3.6 -> 486 | AJ9: =AB9*120 -> 1080 | AK9: =AC9*120 -> 1320 | AL9: =AD9*15.8 -> 1738 | AN9: 1 | AO9: 1 | AP9: 1 | AR9: =AN9*72 -> 72 | AS9: =AO9*72 -> 72 | AT9: =AP9*72 -> 72
A10: 2026 | B10: 0.99 | C10: 0.99 | D10: 0.99 | E10: 0.99333333 | F10: =E10 -> 0.99333333 | G10: =E10 -> 0.99333333 | H10: =E10 -> 0.99333333 | I10: =E10 -> 0.99333333 | J10: =E10 -> 0.99333333 | K10: 0.99 | L10: 0.99 | M10: 0.99 | N10: 0.99 | O10: 0.99 | P10: 0.99 | Q10: 0.99 | R10: 0.99 | S10: 0.99 | T10: =O10 -> 0.99 | U10: 1 | V10: 1 | X10: 2026 | Y10: =B10*38 -> 37.62 | Z10: =C10*72 -> 71.28 | AA10: =H10*135 -> 134.1 | AB10: =O10*9 -> 8.91 | AC10: =T10*11 -> 10.89 | AD10: =110*P10 -> 108.9 | AG10: =Y10*35.8 -> 1346.796 | AH10: =Z10*24 -> 1710.72 | AI10: =AA10*3.6 -> 482.76 | AJ10: =AB10*120 -> 1069.2 | AK10: =AC10*120 -> 1306.8 | AL10: =AD10*15.8 -> 1720.62 | AN10: 0.99 | AO10: 0.99142857 | AP10: 0.98857143 | AR10: =AN10*72 -> 71.28 | AS10: =AO10*72 -> 71.382857 | AT10: =AP10*72 -> 71.177143
A11: 2027 | B11: 0.98 | C11: 0.98 | D11: 0.98 | E11: 0.98666667 | F11: =E11 -> 0.98666667 | G11: =E11 -> 0.98666667 | H11: =E11 -> 0.98666667 | I11: =E11 -> 0.98666667 | J11: =E11 -> 0.98666667 | K11: 0.98 | L11: 0.98 | M11: 0.98 | N11: 0.98 | O11: 0.98 | P11: 0.98 | Q11: 0.98 | R11: 0.98 | S11: 0.98 | T11: =O11 -> 0.98 | U11: 1 | V11: 1 | X11: 2027 | Y11: =B11*38 -> 37.24 | Z11: =C11*72 -> 70.56 | AA11: =H11*135 -> 133.2 | AB11: =O11*9 -> 8.82 | AC11: =T11*11 -> 10.78 | AD11: =110*P11 -> 107.8 | AG11: =Y11*35.8 -> 1333.192 | AH11: =Z11*24 -> 1693.44 | AI11: =AA11*3.6 -> 479.52 | AJ11: =AB11*120 -> 1058.4 | AK11: =AC11*120 -> 1293.6 | AL11: =AD11*15.8 -> 1703.24 | AN11: 0.98 | AO11: 0.98285714 | AP11: 0.97714286 | AR11: =AN11*72 -> 70.56 | AS11: =AO11*72 -> 70.765714 | AT11: =AP11*72 -> 70.354286
A12: 2028 | B12: 0.97 | C12: 0.97 | D12: 0.97 | E12: 0.98 | F12: =E12 -> 0.98 | G12: =E12 -> 0.98 | H12: =E12 -> 0.98 | I12: =E12 -> 0.98 | J12: =E12 -> 0.98 | K12: 0.97 | L12: 0.97 | M12: 0.97 | N12: 0.97 | O12: 0.97 | P12: 0.97 | Q12: 0.97 | R12: 0.97 | S12: 0.97 | T12: =O12 -> 0.97 | U12: 1 | V12: 1 | X12: 2028 | Y12: =B12*38 -> 36.86 | Z12: =C12*72 -> 69.84 | AA12: =H12*135 -> 132.3 | AB12: =O12*9 -> 8.73 | AC12: =T12*11 -> 10.67 | AD12: =110*P12 -> 106.7 | AG12: =Y12*35.8 -> 1319.588 | AH12: =Z12*24 -> 1676.16 | AI12: =AA12*3.6 -> 476.28 | AJ12: =AB12*120 -> 1047.6 | AK12: =AC12*120 -> 1280.4 | AL12: =AD12*15.8 -> 1685.86 | AN12: 0.97 | AO12: 0.97428571 | AP12: 0.96571429 | AR12: =AN12*72 -> 69.84 | AS12: =AO12*72 -> 70.148571 | AT12: =AP12*72 -> 69.531429
A13: 2029 | B13: 0.96 | C13: 0.96 | D13: 0.96 | E13: 0.97333333 | F13: =E13 -> 0.97333333 | G13: =E13 -> 0.97333333 | H13: =E13 -> 0.97333333 | I13: =E13 -> 0.97333333 | J13: =E13 -> 0.97333333 | K13: 0.96 | L13: 0.96 | M13: 0.96 | N13: 0.96 | O13: 0.96 | P13: 0.96 | Q13: 0.96 | R13: 0.96 | S13: 0.96 | T13: =O13 -> 0.96 | U13: 1 | V13: 1 | X13: 2029 | Y13: =B13*38 -> 36.48 | Z13: =C13*72 -> 69.12 | AA13: =H13*135 -> 131.4 | AB13: =O13*9 -> 8.64 | AC13: =T13*11 -> 10.56 | AD13: =110*P13 -> 105.6 | AG13: =Y13*35.8 -> 1305.984 | AH13: =Z13*24 -> 1658.88 | AI13: =AA13*3.6 -> 473.04 | AJ13: =AB13*120 -> 1036.8 | AK13: =AC13*120 -> 1267.2 | AL13: =AD13*15.8 -> 1668.48 | AN13: 0.96 | AO13: 0.96571429 | AP13: 0.95428571 | AR13: =AN13*72 -> 69.12 | AS13: =AO13*72 -> 69.531429 | AT13: =AP13*72 -> 68.708571
A14: 2030 | B14: 0.95 | C14: 0.95 | D14: 0.95 | E14: 0.96666667 | F14: =E14 -> 0.96666667 | G14: =E14 -> 0.96666667 | H14: =E14 -> 0.96666667 | I14: =E14 -> 0.96666667 | J14: =E14 -> 0.96666667 | K14: 0.95 | L14: 0.95 | M14: 0.95 | N14: 0.95 | O14: 0.95 | P14: 0.95 | Q14: 0.89 | R14: 0.89 | S14: 0.89 | T14: =O14 -> 0.95 | U14: 1 | V14: 1 | X14: 2030 | Y14: =B14*38 -> 36.1 | Z14: =C14*72 -> 68.4 | AA14: =H14*135 -> 130.5 | AB14: =O14*9 -> 8.55 | AC14: =T14*11 -> 10.45 | AD14: =110*P14 -> 104.5 | AG14: =Y14*35.8 -> 1292.38 | AH14: =Z14*24 -> 1641.6 | AI14: =AA14*3.6 -> 469.8 | AJ14: =AB14*120 -> 1026 | AK14: =AC14*120 -> 1254 | AL14: =AD14*15.8 -> 1651.1 | AN14: 0.95 | AO14: 0.95714286 | AP14: 0.94285714 | AR14: =AN14*72 -> 68.4 | AS14: =AO14*72 -> 68.914286 | AT14: =AP14*72 -> 67.885714
A15: 2031 | B15: 0.94 | C15: 0.94 | D15: 0.94 | E15: 0.96 | F15: =E15 -> 0.96 | G15: =E15 -> 0.96 | H15: =E15 -> 0.96 | I15: =E15 -> 0.96 | J15: =E15 -> 0.96 | K15: 0.94 | L15: 0.94 | M15: 0.94 | N15: 0.94 | O15: 0.94 | P15: 0.94 | Q15: 0.94 | R15: 0.94 | S15: 0.94 | T15: =O15 -> 0.94 | U15: 1 | V15: 1 | X15: 2031 | Y15: =B15*38 -> 35.72 | Z15: =C15*72 -> 67.68 | AA15: =H15*135 -> 129.6 | AB15: =O15*9 -> 8.46 | AC15: =T15*11 -> 10.34 | AD15: =110*P15 -> 103.4 | AG15: =Y15*35.8 -> 1278.776 | AH15: =Z15*24 -> 1624.32 | AI15: =AA15*3.6 -> 466.56 | AJ15: =AB15*120 -> 1015.2 | AK15: =AC15*120 -> 1240.8 | AL15: =AD15*15.8 -> 1633.72 | AN15: 0.94 | AO15: 0.94857143 | AP15: 0.93142857 | AR15: =AN15*72 -> 67.68 | AS15: =AO15*72 -> 68.297143 | AT15: =AP15*72 -> 67.062857
A16: 2032 | B16: 0.93 | C16: 0.93 | D16: 0.93 | E16: 0.95333333 | F16: =E16 -> 0.95333333 | G16: =E16 -> 0.95333333 | H16: =E16 -> 0.95333333 | I16: =E16 -> 0.95333333 | J16: =E16 -> 0.95333333 | K16: 0.93 | L16: 0.93 | M16: 0.93 | N16: 0.93 | O16: 0.93 | P16: 0.93 | Q16: 0.93 | R16: 0.93 | S16: 0.93 | T16: =O16 -> 0.93 | U16: 1 | V16: 1 | X16: 2032 | Y16: =B16*38 -> 35.34 | Z16: =C16*72 -> 66.96 | AA16: =H16*135 -> 128.7 | AB16: =O16*9 -> 8.37 | AC16: =T16*11 -> 10.23 | AD16: =110*P16 -> 102.3 | AG16: =Y16*35.8 -> 1265.172 | AH16: =Z16*24 -> 1607.04 | AI16: =AA16*3.6 -> 463.32 | AJ16: =AB16*120 -> 1004.4 | AK16: =AC16*120 -> 1227.6 | AL16: =AD16*15.8 -> 1616.34 | AN16: 0.93 | AO16: 0.94 | AP16: 0.92 | AR16: =AN16*72 -> 66.96 | AS16: =AO16*72 -> 67.68 | AT16: =AP16*72 -> 66.24
A17: 2033 | B17: 0.92 | C17: 0.92 | D17: 0.92 | E17: 0.94666667 | F17: =E17 -> 0.94666667 | G17: =E17 -> 0.94666667 | H17: =E17 -> 0.94666667 | I17: =E17 -> 0.94666667 | J17: =E17 -> 0.94666667 | K17: 0.92 | L17: 0.92 | M17: 0.92 | N17: 0.92 | O17: 0.92 | P17: 0.92 | Q17: 0.92 | R17: 0.92 | S17: 0.92 | T17: =O17 -> 0.92 | U17: 1 | V17: 1 | X17: 2033 | Y17: =B17*38 -> 34.96 | Z17: =C17*72 -> 66.24 | AA17: =H17*135 -> 127.8 | AB17: =O17*9 -> 8.28 | AC17: =T17*11 -> 10.12 | AD17: =110*P17 -> 101.2 | AG17: =Y17*35.8 -> 1251.568 | AH17: =Z17*24 -> 1589.76 | AI17: =AA17*3.6 -> 460.08 | AJ17: =AB17*120 -> 993.6 | AK17: =AC17*120 -> 1214.4 | AL17: =AD17*15.8 -> 1598.96 | AN17: 0.92 | AO17: 0.93142857 | AP17: 0.90857143 | AR17: =AN17*72 -> 66.24 | AS17: =AO17*72 -> 67.062857 | AT17: =AP17*72 -> 65.417143
A18: 2034 | B18: 0.91 | C18: 0.91 | D18: 0.91 | E18: 0.94 | F18: =E18 -> 0.94 | G18: =E18 -> 0.94 | H18: =E18 -> 0.94 | I18: =E18 -> 0.94 | J18: =E18 -> 0.94 | K18: 0.91 | L18: 0.91 | M18: 0.91 | N18: 0.91 | O18: 0.91 | P18: 0.91 | Q18: 0.91 | R18: 0.91 | S18: 0.91 | T18: =O18 -> 0.91 | U18: 0.91 | V18: 0.91 | X18: 2034 | Y18: =B18*38 -> 34.58 | Z18: =C18*72 -> 65.52 | AA18: =H18*135 -> 126.9 | AB18: =O18*9 -> 8.19 | AC18: =T18*11 -> 10.01 | AD18: =110*P18 -> 100.1 | AG18: =Y18*35.8 -> 1237.964 | AH18: =Z18*24 -> 1572.48 | AI18: =AA18*3.6 -> 456.84 | AJ18: =AB18*120 -> 982.8 | AK18: =AC18*120 -> 1201.2 | AL18: =AD18*15.8 -> 1581.58 | AN18: 0.91 | AO18: 0.92285714 | AP18: 0.89714286 | AR18: =AN18*72 -> 65.52 | AS18: =AO18*72 -> 66.445714 | AT18: =AP18*72 -> 64.594286
A19: 2035 | B19: 0.9 | C19: 0.9 | D19: 0.9 | E19: 0.93333333 | F19: =E19 -> 0.93333333 | G19: =E19 -> 0.93333333 | H19: =E19 -> 0.93333333 | I19: =E19 -> 0.93333333 | J19: =E19 -> 0.93333333 | K19: 0.9 | L19: 0.9 | M19: 0.9 | N19: 0.9 | O19: 0.9 | P19: 0.9 | Q19: 0.9 | R19: 0.9 | S19: 0.9 | T19: =O19 -> 0.9 | U19: 0.9 | V19: 0.9 | X19: 2035 | Y19: =B19*38 -> 34.2 | Z19: =C19*72 -> 64.8 | AA19: =H19*135 -> 126 | AB19: =O19*9 -> 8.1 | AC19: =T19*11 -> 9.9 | AD19: =110*P19 -> 99 | AG19: =Y19*35.8 -> 1224.36 | AH19: =Z19*24 -> 1555.2 | AI19: =AA19*3.6 -> 453.6 | AJ19: =AB19*120 -> 972 | AK19: =AC19*120 -> 1188 | AL19: =AD19*15.8 -> 1564.2 | AN19: 0.9 | AO19: 0.91428571 | AP19: 0.88571429 | AR19: =AN19*72 -> 64.8 | AS19: =AO19*72 -> 65.828571 | AT19: =AP19*72 -> 63.771429
A20: 2036 | B20: 0.89 | C20: 0.89 | D20: 0.89 | E20: 0.92666667 | F20: =E20 -> 0.92666667 | G20: =E20 -> 0.92666667 | H20: =E20 -> 0.92666667 | I20: =E20 -> 0.92666667 | J20: =E20 -> 0.92666667 | K20: 0.89 | L20: 0.89 | M20: 0.89 | N20: 0.89 | O20: 0.89 | P20: 0.89 | Q20: 0.89 | R20: 0.89 | S20: 0.89 | T20: =O20 -> 0.89 | U20: 0.89 | V20: 0.89 | X20: 2036 | Y20: =B20*38 -> 33.82 | Z20: =C20*72 -> 64.08 | AA20: =H20*135 -> 125.1 | AB20: =O20*9 -> 8.01 | AC20: =T20*11 -> 9.79 | AD20: =110*P20 -> 97.9 | AG20: =Y20*35.8 -> 1210.756 | AH20: =Z20*24 -> 1537.92 | AI20: =AA20*3.6 -> 450.36 | AJ20: =AB20*120 -> 961.2 | AK20: =AC20*120 -> 1174.8 | AL20: =AD20*15.8 -> 1546.82 | AN20: 0.89 | AO20: 0.90571429 | AP20: 0.87428571 | AR20: =AN20*72 -> 64.08 | AS20: =AO20*72 -> 65.211429 | AT20: =AP20*72 -> 62.948571
... A29: 2045 | B29: 0.8 | C29: 0.8 | D29: 0.8 | E29: 0.86666667 | F29: =E29 -> 0.86666667 | G29: =E29 -> 0.86666667 | H29: =E29 -> 0.86666667 | I29: =E29 -> 0.86666667 | J29: =E29 -> 0.86666667 | K29: 0.8 | L29: 0.8 | M29: 0.8 | N29: 0.8 | O29: 0.785 | P29: 0.8 | Q29: 0.8 | R29: 0.8 | S29: 0.8 | T29: =O29 -> 0.785 | U29: 0.8 | V29: 0.8 | X29: 2045 | Y29: =B29*38 -> 30.4 | Z29: =C29*72 -> 57.6 | AA29: =H29*135 -> 117 | AB29: =O29*9 -> 7.065 | AC29: =T29*11 -> 8.635 | AD29: =110*P29 -> 88 | AG29: =Y29*35.8 -> 1088.32 | AH29: =Z29*24 -> 1382.4 | AI29: =AA29*3.6 -> 421.2 | AJ29: =AB29*120 -> 847.8 | AK29: =AC29*120 -> 1036.2 | AL29: =AD29*15.8 -> 1390.4 | AN29: 0.8 | AO29: 0.82857143 | AP29: 0.77142857 | AR29: =AN29*72 -> 57.6 | AS29: =AO29*72 -> 59.657143 | AT29: =AP29*72 -> 55.542857
A30: 2046 | B30: 0.79 | C30: 0.79 | D30: 0.8 | E30: 0.86 | F30: =E30 -> 0.86 | G30: =E30 -> 0.86 | H30: =E30 -> 0.86 | I30: =E30 -> 0.86 | J30: =E30 -> 0.86 | K30: 0.79 | L30: 0.79 | M30: 0.79 | N30: 0.79 | O30: 0.772 | P30: 0.79 | Q30: 0.79 | R30: 0.79 | S30: 0.79 | T30: =O30 -> 0.772 | U30: 1 | V30: 1 | AN30: 0.79 | AO30: 0.82 | AP30: 0.76 | AR30: =AN30*72 -> 56.88 | AS30: =AO30*72 -> 59.04 | AT30: =AP30*72 -> 54.72
A31: 2047 | B31: 0.78 | C31: 0.78 | D31: 0.8 | E31: 0.85333333 | F31: =E31 -> 0.85333333 | G31: =E31 -> 0.85333333 | H31: =E31 -> 0.85333333 | I31: =E31 -> 0.85333333 | J31: =E31 -> 0.85333333 | K31: 0.78 | L31: 0.78 | M31: 0.78 | N31: 0.78 | O31: 0.759 | P31: 0.78 | Q31: 0.78 | R31: 0.78 | S31: 0.78 | T31: =O31 -> 0.759 | U31: 1 | V31: 1 | AN31: 0.78 | AO31: 0.81142857 | AP31: 0.74857143 | AR31: =AN31*72 -> 56.16 | AS31: =AO31*72 -> 58.422857 | AT31: =AP31*72 -> 53.897143
A32: 2048 | B32: 0.77 | C32: 0.77 | D32: 0.8 | E32: 0.84666667 | F32: =E32 -> 0.84666667 | G32: =E32 -> 0.84666667 | H32: =E32 -> 0.84666667 | I32: =E32 -> 0.84666667 | J32: =E32 -> 0.84666667 | K32: 0.77 | L32: 0.77 | M32: 0.77 | N32: 0.77 | O32: 0.746 | P32: 0.77 | Q32: 0.77 | R32: 0.77 | S32: 0.77 | T32: =O32 -> 0.746 | U32: 1 | V32: 1 | AN32: 0.77 | AO32: 0.80285714 | AP32: 0.73714286 | AR32: =AN32*72 -> 55.44 | AS32: =AO32*72 -> 57.805714 | AT32: =AP32*72 -> 53.074286
A33: 2049 | B33: 0.76 | C33: 0.76 | D33: 0.8 | E33: 0.84 | F33: =E33 -> 0.84 | G33: =E33 -> 0.84 | H33: =E33 -> 0.84 | I33: =E33 -> 0.84 | J33: =E33 -> 0.84 | K33: 0.76 | L33: 0.76 | M33: 0.76 | N33: 0.76 | O33: 0.733 | P33: 0.76 | Q33: 0.76 | R33: 0.76 | S33: 0.76 | T33: =O33 -> 0.733 | U33: 1 | V33: 1 | AN33: 0.76 | AO33: 0.79428571 | AP33: 0.72571429 | AR33: =AN33*72 -> 54.72 | AS33: =AO33*72 -> 57.188571 | AT33: =AP33*72 -> 52.251429
A34: 2050 | B34: 0.75 | C34: 0.75 | D34: 0.8 | E34: 0.83333333 | F34: =E34 -> 0.83333333 | G34: =E34 -> 0.83333333 | H34: =E34 -> 0.83333333 | I34: =E34 -> 0.83333333 | J34: =E34 -> 0.83333333 | K34: 0.75 | L34: 0.75 | M34: 0.75 | N34: 0.75 | O34: 0.72 | P34: 0.75 | Q34: 0.75 | R34: 0.75 | S34: 0.75 | T34: =O34 -> 0.72 | U34: 1 | V34: 1 | AN34: 0.75 | AO34: 0.78571429 | AP34: 0.71428571 | AR34: =AN34*72 -> 54 | AS34: =AO34*72 -> 56.571429 | AT34: =AP34*72 -> 51.428571
A35: 2051 | B35: 0.8 | C35: 0.8 | D35: 0.8 | E35: 0.82666667 | F35: =E35 -> 0.82666667 | G35: =E35 -> 0.82666667 | H35: =E35 -> 0.82666667 | I35: =E35 -> 0.82666667 | J35: =E35 -> 0.82666667 | K35: 0.8 | L35: 0.8 | M35: 0.8 | N35: 0.8 | O35: 0.8 | P35: 0.8 | Q35: 0.8 | R35: 0.8 | S35: 0.8 | T35: =O35 -> 0.8 | U35: 1 | V35: 1 | AN35: 0.8 | AO35: 0.77714286 | AP35: 0.70285714 | AR35: =AN35*72 -> 57.6 | AS35: =AO35*72 -> 55.954286 | AT35: =AP35*72 -> 50.605714
A36: 2052 | B36: 0.8 | C36: 0.8 | D36: 0.8 | E36: 0.82 | F36: =E36 -> 0.82 | G36: =E36 -> 0.82 | H36: =E36 -> 0.82 | I36: =E36 -> 0.82 | J36: =E36 -> 0.82 | K36: 0.8 | L36: 0.8 | M36: 0.8 | N36: 0.8 | O36: 0.8 | P36: 0.8 | Q36: 0.8 | R36: 0.8 | S36: 0.8 | T36: =O36 -> 0.8 | U36: 1 | V36: 1 | AN36: 0.8 | AO36: 0.76857143 | AP36: 0.69142857 | AR36: =AN36*72 -> 57.6 | AS36: =AO36*72 -> 55.337143 | AT36: =AP36*72 -> 49.782857
A37: 2053 | B37: 0.8 | C37: 0.8 | D37: 0.8 | E37: 0.81333333 | F37: =E37 -> 0.81333333 | G37: =E37 -> 0.81333333 | H37: =E37 -> 0.81333333 | I37: =E37 -> 0.81333333 | J37: =E37 -> 0.81333333 | K37: 0.8 | L37: 0.8 | M37: 0.8 | N37: 0.8 | O37: 0.8 | P37: 0.8 | Q37: 0.8 | R37: 0.8 | S37: 0.8 | T37: =O37 -> 0.8 | U37: 1 | V37: 1 | AN37: 0.8 | AO37: 0.76 | AP37: 0.68 | AR37: =AN37*72 -> 57.6 | AS37: =AO37*72 -> 54.72 | AT37: =AP37*72 -> 48.96
A38: 2054 | B38: 0.8 | C38: 0.8 | D38: 0.8 | E38: 0.80666667 | F38: =E38 -> 0.80666667 | G38: =E38 -> 0.80666667 | H38: =E38 -> 0.80666667 | I38: =E38 -> 0.80666667 | J38: =E38 -> 0.80666667 | K38: 0.8 | L38: 0.8 | M38: 0.8 | N38: 0.8 | O38: 0.8 | P38: 0.8 | Q38: 0.8 | R38: 0.8 | S38: 0.8 | T38: =O38 -> 0.8 | U38: 1 | V38: 1 | AN38: 0.8 | AO38: 0.75142857 | AP38: 0.66857143 | AR38: =AN38*72 -> 57.6 | AS38: =AO38*72 -> 54.102857 | AT38: =AP38*72 -> 48.137143
A39: 2055 | B39: 0.8 | C39: 0.8 | D39: 0.8 | E39: 0.8 | F39: =E39 -> 0.8 | G39: =E39 -> 0.8 | H39: =E39 -> 0.8 | I39: =E39 -> 0.8 | J39: =E39 -> 0.8 | K39: 0.8 | L39: 0.8 | M39: 0.8 | N39: 0.8 | O39: 0.8 | P39: 0.8 | Q39: 0.8 | R39: 0.8 | S39: 0.8 | T39: =O39 -> 0.8 | U39: 1 | V39: 1 | AN39: 0.8 | AO39: 0.74285714 | AP39: 0.65714286 | AR39: =AN39*72 -> 57.6 | AS39: =AO39*72 -> 53.485714 | AT39: =AP39*72 -> 47.314286
A40: 2056 | B40: 0.8 | C40: 0.8 | D40: 0.8 | E40: 0.79333333 | F40: =E40 -> 0.79333333 | G40: =E40 -> 0.79333333 | H40: =E40 -> 0.79333333 | I40: =E40 -> 0.79333333 | J40: =E40 -> 0.79333333 | K40: 0.8 | L40: 0.8 | M40: 0.8 | N40: 0.8 | O40: 0.8 | P40: 0.8 | Q40: 0.8 | R40: 0.8 | S40: 0.8 | T40: =O40 -> 0.8 | U40: 1 | V40: 1 | AN40: 0.8 | AO40: 0.73428571 | AP40: 0.64571429 | AR40: =AN40*72 -> 57.6 | AS40: =AO40*72 -> 52.868571 | AT40: =AP40*72 -> 46.491429
A41: 2057 | B41: 0.8 | C41: 0.8 | D41: 0.8 | E41: 0.78666667 | F41: =E41 -> 0.78666667 | G41: =E41 -> 0.78666667 | H41: =E41 -> 0.78666667 | I41: =E41 -> 0.78666667 | J41: =E41 -> 0.78666667 | K41: 0.8 | L41: 0.8 | M41: 0.8 | N41: 0.8 | O41: 0.8 | P41: 0.8 | Q41: 0.8 | R41: 0.8 | S41: 0.8 | T41: =O41 -> 0.8 | U41: 1 | V41: 1 | AN41: 0.8 | AO41: 0.72571429 | AP41: 0.63428571 | AR41: =AN41*72 -> 57.6 | AS41: =AO41*72 -> 52.251429 | AT41: =AP41*72 -> 45.668571
... A44: 2060 | B44: 0.8 | C44: 0.8 | D44: 0.8 | E44: 0.76666667 | F44: =E44 -> 0.76666667 | G44: =E44 -> 0.76666667 | H44: =E44 -> 0.76666667 | I44: =E44 -> 0.76666667 | J44: =E44 -> 0.76666667 | K44: 0.8 | L44: 0.8 | M44: 0.8 | N44: 0.8 | O44: 0.8 | P44: 0.8 | Q44: 0.8 | R44: 0.8 | S44: 0.8 | T44: =O44 -> 0.8 | U44: 1 | V44: 1 | AN44: 0.8 | AO44: 0.7 | AP44: 0.6 | AR44: =AN44*72 -> 57.6 | AS44: =AO44*72 -> 50.4 | AT44: =AP44*72 -> 43.2

Sheet temfc
B1: DICE | C1: NGICE | D1: BEVF510 | E1: BEVF600 | F1: BEVF730 | G1: BEVF800 | H1: BEVF900 | I1: BEVE510 | J1: EDPHEV | K1: ELPHEV | L1: FCEV | M1: MICE | N1: H2ICE70 | P1: 温度 | Q1: 20 | R1: 10 | S1: 0 | T1: -10 | U1: -20 | V1: -30
A2: 黑龙江 | B2: 1.5 | C2: 1.5 | D2: 1.5 | E2: 1.5 | F2: 1.5 | G2: 1.5 | H2: 1.5 | I2: 1.5 | J2: 1.5 | K2: 1.5 | L2: 1.5 | M2: 1.5 | N2: 1.5 | P2: 系数 | Q2: 1 | R2: 1.2 | S2: 1.5
A3: 吉林 | B3: 1.5 | C3: 1.5 | D3: 1.5 | E3: 1.5 | F3: 1.5 | G3: 1.5 | H3: 1.5 | I3: 1.5 | J3: 1.5 | K3: 1.5 | L3: 1.5 | M3: 1.5 | N3: 1.5
A4: 辽宁 | B4: 1.5 | C4: 1.5 | D4: 1.5 | E4: 1.5 | F4: 1.5 | G4: 1.5 | H4: 1.5 | I4: 1.5 | J4: 1.5 | K4: 1.5 | L4: 1.5 | M4: 1.5 | N4: 1.5
A5: 北京 | B5: 1.5 | C5: 1.5 | D5: 1.5 | E5: 1.5 | F5: 1.5 | G5: 1.5 | H5: 1.5 | I5: 1.5 | J5: 1.5 | K5: 1.5 | L5: 1.5 | M5: 1.5 | N5: 1.5
A6: 天津 | B6: 1.5 | C6: 1.5 | D6: 1.5 | E6: 1.5 | F6: 1.5 | G6: 1.5 | H6: 1.5 | I6: 1.5 | J6: 1.5 | K6: 1.5 | L6: 1.5 | M6: 1.5 | N6: 1.5
A7: 河北 | B7: 1.5 | C7: 1.5 | D7: 1.5 | E7: 1.5 | F7: 1.5 | G7: 1.5 | H7: 1.5 | I7: 1.5 | J7: 1.5 | K7: 1.5 | L7: 1.5 | M7: 1.5 | N7: 1.5
A8: 山西 | B8: 1.5 | C8: 1.5 | D8: 1.5 | E8: 1.5 | F8: 1.5 | G8: 1.5 | H8: 1.5 | I8: 1.5 | J8: 1.5 | K8: 1.5 | L8: 1.5 | M8: 1.5 | N8: 1.5
A9: 内蒙古 | B9: 1.5 | C9: 1.5 | D9: 1.5 | E9: 1.5 | F9: 1.5 | G9: 1.5 | H9: 1.5 | I9: 1.5 | J9: 1.5 | K9: 1.5 | L9: 1.5 | M9: 1.5 | N9: 1.5
A10: 新疆 | B10: 1.5 | C10: 1.5 | D10: 1.5 | E10: 1.5 | F10: 1.5 | G10: 1.5 | H10: 1.5 | I10: 1.5 | J10: 1.5 | K10: 1.5 | L10: 1.5 | M10: 1.5 | N10: 1.5
A11: 甘肃 | B11: 1.5 | C11: 1.5 | D11: 1.5 | E11: 1.5 | F11: 1.5 | G11: 1.5 | H11: 1.5 | I11: 1.5 | J11: 1.5 | K11: 1.5 | L11: 1.5 | M11: 1.5 | N11: 1.5
A12: 陕西 | B12: 1.5 | C12: 1.5 | D12: 1.5 | E12: 1.5 | F12: 1.5 | G12: 1.5 | H12: 1.5 | I12: 1.5 | J12: 1.5 | K12: 1.5 | L12: 1.5 | M12: 1.5 | N12: 1.5
A13: 宁夏 | B13: 1.5 | C13: 1.5 | D13: 1.5 | E13: 1.5 | F13: 1.5 | G13: 1.5 | H13: 1.5 | I13: 1.5 | J13: 1.5 | K13: 1.5 | L13: 1.5 | M13: 1.5 | N13: 1.5
A14: 青海 | B14: 1.5 | C14: 1.5 | D14: 1.5 | E14: 1.5 | F14: 1.5 | G14: 1.5 | H14: 1.5 | I14: 1.5 | J14: 1.5 | K14: 1.5 | L14: 1.5 | M14: 1.5 | N14: 1.5
... A32: 海南 | B32: 1.5 | C32: 1.5 | D32: 1.5 | E32: 1.5 | F32: 1.5 | G32: 1.5 | H32: 1.5 | I32: 1.5 | J32: 1.5 | K32: 1.5 | L32: 1.5 | M32: 1.5 | N32: 1.5

Sheet gradefc
B1: DICE | C1: NGICE | D1: BEVF510 | E1: BEVF600 | F1: BEVF730 | G1: BEVF800 | H1: BEVF900 | I1: BEVE510 | J1: EDPHEV | K1: ELPHEV | L1: FCEV | M1: MICE | N1: H2ICE70 | P1: 坡度 | Q1: 0 | R1: 0.1 | S1: 0.2 | T1: 0.3 | U1: 0.4 | V1: 0.5
A2: 黑龙江 | B2: 1 | C2: 1 | D2: 1 | E2: 1 | F2: 1 | G2: 1 | H2: 1 | I2: 1 | J2: 1 | K2: 1 | L2: 1 | M2: 1 | N2: 1 | P2: 系数 | Q2: 1 | R2: 1.2 | S2: 1.5
A3: 吉林 | B3: 1 | C3: 1 | D3: 1 | E3: 1 | F3: 1 | G3: 1 | H3: 1 | I3: 1 | J3: 1 | K3: 1 | L3: 1 | M3: 1 | N3: 1 | P3: 0
A4: 辽宁 | B4: 1 | C4: 1 | D4: 1 | E4: 1 | F4: 1 | G4: 1 | H4: 1 | I4: 1 | J4: 1 | K4: 1 | L4: 1 | M4: 1 | N4: 1 | P4: 0
A5: 北京 | B5: 1 | C5: 1 | D5: 1 | E5: 1 | F5: 1 | G5: 1 | H5: 1 | I5: 1 | J5: 1 | K5: 1 | L5: 1 | M5: 1 | N5: 1 | P5: 0
A6: 天津 | B6: 1 | C6: 1 | D6: 1 | E6: 1 | F6: 1 | G6: 1 | H6: 1 | I6: 1 | J6: 1 | K6: 1 | L6: 1 | M6: 1 | N6: 1 | P6: 0
A7: 河北 | B7: 1 | C7: 1 | D7: 1 | E7: 1 | F7: 1 | G7: 1 | H7: 1 | I7: 1 | J7: 1 | K7: 1 | L7: 1 | M7: 1 | N7: 1 | P7: 0
A8: 山西 | B8: 1 | C8: 1 | D8: 1 | E8: 1 | F8: 1 | G8: 1 | H8: 1 | I8: 1 | J8: 1 | K8: 1 | L8: 1 | M8: 1 | N8: 1 | P8: 0
A9: 内蒙古 | B9: 1 | C9: 1 | D9: 1 | E9: 1 | F9: 1 | G9: 1 | H9: 1 | I9: 1 | J9: 1 | K9: 1 | L9: 1 | M9: 1 | N9: 1 | P9: 0
A10: 新疆 | B10: 1 | C10: 1 | D10: 1 | E10: 1 | F10: 1 | G10: 1 | H10: 1 | I10: 1 | J10: 1 | K10: 1 | L10: 1 | M10: 1 | N10: 1 | P10: 0
A11: 甘肃 | B11: 1 | C11: 1 | D11: 1 | E11: 1 | F11: 1 | G11: 1 | H11: 1 | I11: 1 | J11: 1 | K11: 1 | L11: 1 | M11: 1 | N11: 1 | P11: 0
A12: 陕西 | B12: 1 | C12: 1 | D12: 1 | E12: 1 | F12: 1 | G12: 1 | H12: 1 | I12: 1 | J12: 1 | K12: 1 | L12: 1 | M12: 1 | N12: 1 | P12: 0
A13: 宁夏 | B13: 1 | C13: 1 | D13: 1 | E13: 1 | F13: 1 | G13: 1 | H13: 1 | I13: 1 | J13: 1 | K13: 1 | L13: 1 | M13: 1 | N13: 1 | P13: 0
A14: 青海 | B14: 1 | C14: 1 | D14: 1 | E14: 1 | F14: 1 | G14: 1 | H14: 1 | I14: 1 | J14: 1 | K14: 1 | L14: 1 | M14: 1 | N14: 1 | P14: 0
... A32: 海南 | B32: 1 | C32: 1 | D32: 1 | E32: 1 | F32: 1 | G32: 1 | H32: 1 | I32: 1 | J32: 1 | K32: 1 | L32: 1 | M32: 1 | N32: 1 | P32: 0

Sheet degradeFC
B1: DICE | C1: NGICE | D1: BEVF350 | E1: BEVF510 | F1: BEVE510 | G1: BEVF600 | H1: BEVF730 | I1: BEVF800 | J1: BEVF900 | K1: PHEV | L1: EDPHEV | M1: ELPHEV | N1: FCPHEV | O1: FCEV | P1: MICE | Q1: EDICE | R1: ELICE | S1: H2ICE35 | T1: H2ICE70 | V1: 假设一直以额定功率输出 | W1: 1年 | X1: 2年 | Y1: 3年 | Z1: 4年 | AA1: 5年 | AB1: 6年 | AF1: 2025年技术作为基准 | AG1: 年变化率来自Life Cycle Economic and Environmental Assessment for Emerging Heavy-Duty Truck Powertrain Technologies in China
A2: 2018 | B2: 1 | C2: 1 | D2: 1 | E2: 1 | F2: 1 | G2: 1 | H2: 1 | I2: 1 | J2: 1 | K2: 1 | L2: 1 | M2: 1 | N2: 1 | O2: 1.1616088 | P2: 1 | Q2: 1 | R2: 1 | S2: 1 | T2: 1 | V2: 使用小时 | W2: 1500 | X2: 3000 | Y2: 4500 | Z2: 6000 | AA2: 7500 | AB2: 9000 | AD2: Δ | AE2: fc | AF2: 衰减率来自The effects of driving patterns and PEM fuel cell degradation on the lifecycle assessment of hydrogen fuel cell vehicles
A3: 2019 | B3: 1 | C3: 1 | D3: 1 | E3: 1 | F3: 1 | G3: 1 | H3: 1 | I3: 1 | J3: 1 | K3: 1 | L3: 1 | M3: 1 | N3: 1 | O3: 1.1616088 | P3: 1 | Q3: 1 | R3: 1 | S3: 1 | T3: 1 | U3: 2025 | V3: end of life efficiency(衰减率取2.65E10-5 V/h） | W3: =W2*0.0000265 -> 0.03975 | X3: =X2*0.0000265 -> 0.0795 | Y3: =Y2*0.0000265 -> 0.11925 | Z3: =Z2*0.0000265 -> 0.159 | AA3: =AA2*0.0000265 -> 0.19875 | AB3: =AB2*0.0000265 -> 0.2385 | AC3: =AVERAGE(W3:AB3) -> 0.139125 | AD3: =400*AC3 -> 55.65 | AE3: =400/(400-AD3) -> 1.1616088 | AF3: 国内主流整车电压400v,
A4: 2020 | B4: 1 | C4: 1 | D4: 1 | E4: 1 | F4: 1 | G4: 1 | H4: 1 | I4: 1 | J4: 1 | K4: 1 | L4: 1 | M4: 1 | N4: 1 | O4: 1.1616088 | P4: 1 | Q4: 1 | R4: 1 | S4: 1 | T4: 1 | U4: 2030 | V4: end of life efficiency(衰减率取0.63*2.65E10-5 V/h） | W4: =0.63*W2*0.0000265 -> 0.0250425 | X4: =0.63*X2*0.0000265 -> 0.050085 | Y4: =0.63*Y2*0.0000265 -> 0.0751275 | Z4: =0.63*Z2*0.0000265 -> 0.10017 | AA4: =0.63*AA2*0.0000265 -> 0.1252125 | AB4: =0.63*AB2*0.0000265 -> 0.150255 | AC4: =AVERAGE(W4:AB4) -> 0.08764875 | AD4: =400*AC4 -> 35.0595 | AE4: =400/(400-AD4) -> 1.0960691
A5: 2021 | B5: 1 | C5: 1 | D5: 1 | E5: 1 | F5: 1 | G5: 1 | H5: 1 | I5: 1 | J5: 1 | K5: 1 | L5: 1 | M5: 1 | N5: 1 | O5: 1.1616088 | P5: 1 | Q5: 1 | R5: 1 | S5: 1 | T5: 1 | U5: 2035 | V5: end of life efficiency(衰减率取0.5*2.65E10-5 V/h） | W5: =0.5*W2*0.0000265 -> 0.019875 | X5: =0.5*X2*0.0000265 -> 0.03975 | Y5: =0.5*Y2*0.0000265 -> 0.059625 | Z5: =0.5*Z2*0.0000265 -> 0.0795 | AA5: =0.5*AA2*0.0000265 -> 0.099375 | AB5: =0.5*AB2*0.0000265 -> 0.11925 | AC5: =AVERAGE(W5:AB5) -> 0.0695625 | AD5: =400*AC5 -> 27.825 | AE5: =400/(400-AD5) -> 1.0747632
A6: 2022 | B6: 1 | C6: 1 | D6: 1 | E6: 1 | F6: 1 | G6: 1 | H6: 1 | I6: 1 | J6: 1 | K6: 1 | L6: 1 | M6: 1 | N6: 1 | O6: 1.1616088 | P6: 1 | Q6: 1 | R6: 1 | S6: 1 | T6: 1 | U6: 2040 | V6: end of life efficiency(衰减率取0.37*2.65E10-5 V/h,即1E-5V/h) | W6: =0.377*W2*0.0000265 -> 0.01498575 | X6: =0.377*X2*0.0000265 -> 0.0299715 | Y6: =0.377*Y2*0.0000265 -> 0.04495725 | Z6: =0.377*Z2*0.0000265 -> 0.059943 | AA6: =0.377*AA2*0.0000265 -> 0.07492875 | AB6: =0.377*AB2*0.0000265 -> 0.0899145 | AC6: =AVERAGE(W6:AB6) -> 0.052450125 | AD6: =400*AC6 -> 20.98005 | AE6: =400/(400-AD6) -> 1.0553534
A7: 2023 | B7: 1 | C7: 1 | D7: 1 | E7: 1 | F7: 1 | G7: 1 | H7: 1 | I7: 1 | J7: 1 | K7: 1 | L7: 1 | M7: 1 | N7: 1 | O7: 1.1616088 | P7: 1 | Q7: 1 | R7: 1 | S7: 1 | T7: 1 | U7: 2045=2040
A8: 2024 | B8: 1 | C8: 1 | D8: 1 | E8: 1 | F8: 1 | G8: 1 | H8: 1 | I8: 1 | J8: 1 | K8: 1 | L8: 1 | M8: 1 | N8: 1 | O8: 1.1616088 | P8: 1 | Q8: 1 | R8: 1 | S8: 1 | T8: 1
A9: 2025 | B9: 1 | C9: 1 | D9: 1 | E9: 1 | F9: 1 | G9: 1 | H9: 1 | I9: 1 | J9: 1 | K9: 1 | L9: 1 | M9: 1 | N9: 1 | O9: 1.1616088 | P9: 1 | Q9: 1 | R9: 1 | S9: 1 | T9: 1
A10: 2026 | B10: 1 | C10: 1 | D10: 1 | E10: 1 | F10: 1 | G10: 1 | H10: 1 | I10: 1 | J10: 1 | K10: 1 | L10: 1 | M10: 1 | N10: 1 | O10: 1.1485009 | P10: 1 | Q10: 1 | R10: 1 | S10: 1 | T10: 1 | V10: 国内主流整车电压400v,
A11: 2027 | B11: 1 | C11: 1 | D11: 1 | E11: 1 | F11: 1 | G11: 1 | H11: 1 | I11: 1 | J11: 1 | K11: 1 | L11: 1 | M11: 1 | N11: 1 | O11: 1.1353929 | P11: 1 | Q11: 1 | R11: 1 | S11: 1 | T11: 1
A12: 2028 | B12: 1 | C12: 1 | D12: 1 | E12: 1 | F12: 1 | G12: 1 | H12: 1 | I12: 1 | J12: 1 | K12: 1 | L12: 1 | M12: 1 | N12: 1 | O12: 1.122285 | P12: 1 | Q12: 1 | R12: 1 | S12: 1 | T12: 1
A13: 2029 | B13: 1 | C13: 1 | D13: 1 | E13: 1 | F13: 1 | G13: 1 | H13: 1 | I13: 1 | J13: 1 | K13: 1 | L13: 1 | M13: 1 | N13: 1 | O13: 1.109177 | P13: 1 | Q13: 1 | R13: 1 | S13: 1 | T13: 1
A14: 2030 | B14: 1 | C14: 1 | D14: 1 | E14: 1 | F14: 1 | G14: 1 | H14: 1 | I14: 1 | J14: 1 | K14: 1 | L14: 1 | M14: 1 | N14: 1 | O14: 1.0960691 | P14: 1 | Q14: 1 | R14: 1 | S14: 1 | T14: 1
A15: 2031 | B15: 1 | C15: 1 | D15: 1 | E15: 1 | F15: 1 | G15: 1 | H15: 1 | I15: 1 | J15: 1 | K15: 1 | L15: 1 | M15: 1 | N15: 1 | O15: 1.0918079 | P15: 1 | Q15: 1 | R15: 1 | S15: 1 | T15: 1
A16: 2032 | B16: 1 | C16: 1 | D16: 1 | E16: 1 | F16: 1 | G16: 1 | H16: 1 | I16: 1 | J16: 1 | K16: 1 | L16: 1 | M16: 1 | N16: 1 | O16: 1.0875467 | P16: 1 | Q16: 1 | R16: 1 | S16: 1 | T16: 1
A17: 2033 | B17: 1 | C17: 1 | D17: 1 | E17: 1 | F17: 1 | G17: 1 | H17: 1 | I17: 1 | J17: 1 | K17: 1 | L17: 1 | M17: 1 | N17: 1 | O17: 1.0832856 | P17: 1 | Q17: 1 | R17: 1 | S17: 1 | T17: 1
A18: 2034 | B18: 1 | C18: 1 | D18: 1 | E18: 1 | F18: 1 | G18: 1 | H18: 1 | I18: 1 | J18: 1 | K18: 1 | L18: 1 | M18: 1 | N18: 1 | O18: 1.0790244 | P18: 1 | Q18: 1 | R18: 1 | S18: 1 | T18: 1
A19: 2035 | B19: 1 | C19: 1 | D19: 1 | E19: 1 | F19: 1 | G19: 1 | H19: 1 | I19: 1 | J19: 1 | K19: 1 | L19: 1 | M19: 1 | N19: 1 | O19: 1.0747632 | P19: 1 | Q19: 1 | R19: 1 | S19: 1 | T19: 1
A20: 2036 | B20: 1 | C20: 1 | D20: 1 | E20: 1 | F20: 1 | G20: 1 | H20: 1 | I20: 1 | J20: 1 | K20: 1 | L20: 1 | M20: 1 | N20: 1 | O20: 1.0708813 | P20: 1 | Q20: 1 | R20: 1 | S20: 1 | T20: 1
A21: 2037 | B21: 1 | C21: 1 | D21: 1 | E21: 1 | F21: 1 | G21: 1 | H21: 1 | I21: 1 | J21: 1 | K21: 1 | L21: 1 | M21: 1 | N21: 1 | O21: 1.0669993 | P21: 1 | Q21: 1 | R21: 1 | S21: 1 | T21: 1
A22: 2038 | B22: 1 | C22: 1 | D22: 1 | E22: 1 | F22: 1 | G22: 1 | H22: 1 | I22: 1 | J22: 1 | K22: 1 | L22: 1 | M22: 1 | N22: 1 | O22: 1.0631173 | P22: 1 | Q22: 1 | R22: 1 | S22: 1 | T22: 1
... A44: 2060 | B44: 1 | C44: 1 | D44: 1 | E44: 1 | F44: 1 | G44: 1 | H44: 1 | I44: 1 | J44: 1 | K44: 1 | L44: 1 | M44: 1 | N44: 1 | O44: 1 | P44: 1 | Q44: 1 | R44: 1 | S44: 1 | T44: 1

Sheet FC
A1: 0 | B1: DICE | C1: NGICE | D1: BEVF730 | E1: BEVE510 | F1: EDPHEV | G1: ELPHEV | H1: FCEV | I1: MICE | J1: H2ICE70
A2: h_trailer_hwl | B2: 38 | C2: 72 | D2: 135 | E2: 135 | F2: =B2*0.85 -> 32.3 | G2: =C2*0.85 -> 61.2 | H2: 10 | I2: 110 | J2: 11
A3: h_trailer_hws | B3: 38 | C3: 72 | D3: 135 | E3: 135 | F3: =B3*0.85 -> 32.3 | G3: =C3*0.85 -> 61.2 | H3: 10 | I3: 110 | J3: 11
A4: h_trailer_hwm | B4: 38 | C4: 72 | D4: 135 | E4: 135 | F4: =B4*0.85 -> 32.3 | G4: =C4*0.85 -> 61.2 | H4: 10 | I4: 110 | J4: 11
I19: 全面了解吉利甲醇重卡：性能、使用与未来展望
I20: 晋南钢铁及佛山氢燃料电池重卡分析（附31页报告）
I21: 氢气发动机有前途吗？这几款欧洲最先进的氢内燃机重卡告诉你-有驾

Sheet cargoFC1
B1: DICE | C1: NGICE | D1: BEVF282 | E1: BEVF423 | F1: BEVE282 | G1: BEVF729 | H1: BEVE512 | I1: BEVU729 | J1: PHEV | K1: EDPHEV | L1: ELPHEV | M1: FCEV | N1: MICE | O1: EDICE | P1: ELICE | Q1: H2ICE35 | R1: H2ICE70 | S1: NH3ICE | T1: HNICE
A2: 0 | B2: =15/42*FC!B4 -> 13.571429 | C2: =15/42*FC!C4 -> 25.714286 | D2: =D3*B2/B3 -> 47.535652 | E2: =E3*B2/B3 -> 48.469388 | F2: =D2 -> 47.535652 | G2: =G3*B2/B3 -> 51.116492 | H2: =H3*B2/B3 -> 49.350649 | I2: =G2 -> 51.116492 | J2: =15/42*FC!F2 -> 11.535714 | K2: =O2 -> 13.5 | L2: =P2 -> 13.5 | M2: =15/42*FC!H4 -> 3.5714286 | N2: =15/42*FC!I4 -> 39.285714 | O2: =P2 -> 13.5 | P2: 13.5 | Q2: =R2 -> 3.1722689 | R2: =R3*B3/B4 -> 3.1722689 | S2: 6.4285714 | T2: 6.4285714
A3: 0.1 | B3: 15.1 | C3: =B3*C2/B2 -> 28.610526 | D3: =D4*B3/B4 -> 52.889667 | E3: =E4*B3/B4 -> 53.928571 | F3: =D3 -> 52.889667 | G3: =G4*B3/B4 -> 56.873823 | H3: =H4*B3/B4 -> 54.909091 | I3: =G3 -> 56.873823 | J3: =D3*J2/D2 -> 12.835 | K3: =O3 -> 13.59 | L3: =P3 -> 13.59 | M3: =B3*M2/B2 -> 3.9736842 | N3: =B3*N2/B2 -> 43.710526 | O3: =P3 -> 13.59 | P3: 13.59 | Q3: =R3 -> 3.1932773 | R3: =R4*B4/B5 -> 3.1932773 | S3: 6.4714286 | T3: 6.4714286
A4: 0.2 | B4: 15.2 | C4: =B4*C3/B3 -> 28.8 | D4: =D5*B4/B5 -> 53.23993 | E4: =E5*B4/B5 -> 54.285714 | F4: =D4 -> 53.23993 | G4: =G5*B4/B5 -> 57.250471 | H4: =H5*B4/B5 -> 55.272727 | I4: =G4 -> 57.250471 | J4: =D4*J3/D3 -> 12.92 | K4: =O4 -> 13.68 | L4: =P4 -> 13.68 | M4: =B4*M3/B3 -> 4 | N4: =B4*N3/B3 -> 44 | O4: =P4 -> 13.68 | P4: 13.68 | Q4: =R4 -> 3.2142857 | R4: =R5*B5/B6 -> 3.2142857 | S4: 6.5142857 | T4: 6.5142857
A5: 0.3 | B5: 15.3 | C5: =B5*C4/B4 -> 28.989474 | D5: =D6*B5/B6 -> 53.590193 | E5: =E6*B5/B6 -> 54.642857 | F5: =D5 -> 53.590193 | G5: =G6*B5/B6 -> 57.627119 | H5: =H6*B5/B6 -> 55.636364 | I5: =G5 -> 57.627119 | J5: =D5*J4/D4 -> 13.005 | K5: =O5 -> 13.77 | L5: =P5 -> 13.77 | M5: =B5*M4/B4 -> 4.0263158 | N5: =B5*N4/B4 -> 44.289474 | O5: =P5 -> 13.77 | P5: 13.77 | Q5: =R5 -> 3.2352941 | R5: =R6*B6/B7 -> 3.2352941 | S5: 6.5571429 | T5: 6.5571429
A6: 0.4 | B6: 15.4 | C6: =B6*C5/B5 -> 29.178947 | D6: =D7*B6/B7 -> 53.940455 | E6: =E7*B6/B7 -> 55 | F6: =D6 -> 53.940455 | G6: =G7*B6/B7 -> 58.003766 | H6: =H7*B6/B7 -> 56 | I6: =G6 -> 58.003766 | J6: =D6*J5/D5 -> 13.09 | K6: =O6 -> 13.86 | L6: =P6 -> 13.86 | M6: =B6*M5/B5 -> 4.0526316 | N6: =B6*N5/B5 -> 44.578947 | O6: =P6 -> 13.86 | P6: 13.86 | Q6: =R6 -> 3.2563025 | R6: =R7*B7/B8 -> 3.2563025 | S6: 6.6 | T6: 6.6
A7: 0.5 | B7: 15.5 | C7: =B7*C6/B6 -> 29.368421 | D7: =D8*B7/B8 -> 54.290718 | E7: =E8*B7/B8 -> 55.357143 | F7: =D7 -> 54.290718 | G7: =G8*B7/B8 -> 58.380414 | H7: =H8*B7/B8 -> 56.363636 | I7: =G7 -> 58.380414 | J7: =D7*J6/D6 -> 13.175 | K7: =O7 -> 13.95 | L7: =P7 -> 13.95 | M7: =B7*M6/B6 -> 4.0789474 | N7: =B7*N6/B6 -> 44.868421 | O7: =P7 -> 13.95 | P7: 13.95 | Q7: =R7 -> 3.2773109 | R7: =R8*B8/B9 -> 3.2773109 | S7: 6.6428571 | T7: 6.6428571
A8: 0.6 | B8: 15.6 | C8: =B8*C7/B7 -> 29.557895 | D8: =D9*B8/B9 -> 54.640981 | E8: =E9*B8/B9 -> 55.714286 | F8: =D8 -> 54.640981 | G8: =G9*B8/B9 -> 58.757062 | H8: =H9*B8/B9 -> 56.727273 | I8: =G8 -> 58.757062 | J8: =D8*J7/D7 -> 13.26 | K8: =O8 -> 14.04 | L8: =P8 -> 14.04 | M8: =B8*M7/B7 -> 4.1052632 | N8: =B8*N7/B7 -> 45.157895 | O8: =P8 -> 14.04 | P8: 14.04 | Q8: =R8 -> 3.2983193 | R8: =R9*B9/B10 -> 3.2983193 | S8: 6.6857143 | T8: 6.6857143
A9: 0.7 | B9: 15.7 | C9: =B9*C8/B8 -> 29.747368 | D9: =D10*B9/B10 -> 54.991243 | E9: =E10*B9/B10 -> 56.071429 | F9: =D9 -> 54.991243 | G9: =G10*B9/B10 -> 59.13371 | H9: =H10*B9/B10 -> 57.090909 | I9: =G9 -> 59.13371 | J9: =D9*J8/D8 -> 13.345 | K9: =O9 -> 14.13 | L9: =P9 -> 14.13 | M9: =B9*M8/B8 -> 4.1315789 | N9: =B9*N8/B8 -> 45.447368 | O9: =P9 -> 14.13 | P9: 14.13 | Q9: =R9 -> 3.3193277 | R9: =R10*B10/B11 -> 3.3193277 | S9: 6.7285714 | T9: 6.7285714
A10: 0.8 | B10: 15.8 | C10: =B10*C9/B9 -> 29.936842 | D10: =D11*B10/B11 -> 55.341506 | E10: =E11*B10/B11 -> 56.428571 | F10: =D10 -> 55.341506 | G10: =G11*B10/B11 -> 59.510358 | H10: =H11*B10/B11 -> 57.454545 | I10: =G10 -> 59.510358 | J10: =D10*J9/D9 -> 13.43 | K10: =O10 -> 14.22 | L10: =P10 -> 14.22 | M10: =B10*M9/B9 -> 4.1578947 | N10: =B10*N9/B9 -> 45.736842 | O10: =P10 -> 14.22 | P10: 14.22 | Q10: =R10 -> 3.3403361 | R10: =R11*B11/B12 -> 3.3403361 | S10: 6.7714286 | T10: 6.7714286
A11: 0.9 | B11: 15.9 | C11: =B11*C10/B10 -> 30.126316 | D11: =D12*B11/B12 -> 55.691769 | E11: =E12*B11/B12 -> 56.785714 | F11: =D11 -> 55.691769 | G11: =G12*B11/B12 -> 59.887006 | H11: =H12*B11/B12 -> 57.818182 | I11: =G11 -> 59.887006 | J11: =D11*J10/D10 -> 13.515 | K11: =O11 -> 14.31 | L11: =P11 -> 14.31 | M11: =B11*M10/B10 -> 4.1842105 | N11: =B11*N10/B10 -> 46.026316 | O11: =P11 -> 14.31 | P11: 14.31 | Q11: =R11 -> 3.3613445 | R11: =R12*B12/B13 -> 3.3613445 | S11: 6.8142857 | T11: 6.8142857
A12: 1 | B12: 16 | C12: =B12*C11/B11 -> 30.315789 | D12: =D13*B12/B13 -> 56.042032 | E12: =E13*B12/B13 -> 57.142857 | F12: =D12 -> 56.042032 | G12: =G13*B12/B13 -> 60.263653 | H12: =H13*B12/B13 -> 58.181818 | I12: =G12 -> 60.263653 | J12: =D12*J11/D11 -> 13.6 | K12: =O12 -> 14.4 | L12: =P12 -> 14.4 | M12: =B12*M11/B11 -> 4.2105263 | N12: =B12*N11/B11 -> 46.315789 | O12: =P12 -> 14.4 | P12: 14.4 | Q12: =R12 -> 3.3823529 | R12: =R13*B13/B14 -> 3.3823529 | S12: 6.8571428 | T12: 6.8571428
A13: 1.1 | B13: 16.1 | C13: =B13*C12/B12 -> 30.505263 | D13: =D14*B13/B14 -> 56.392294 | E13: =E14*B13/B14 -> 57.5 | F13: =D13 -> 56.392294 | G13: =G14*B13/B14 -> 60.640301 | H13: =H14*B13/B14 -> 58.545455 | I13: =G13 -> 60.640301 | J13: =D13*J12/D12 -> 13.685 | K13: =O13 -> 14.49 | L13: =P13 -> 14.49 | M13: =B13*M12/B12 -> 4.2368421 | N13: =B13*N12/B12 -> 46.605263 | O13: =P13 -> 14.49 | P13: 14.49 | Q13: =R13 -> 3.4033613 | R13: =R14*B14/B15 -> 3.4033613 | S13: 6.9 | T13: 6.9
A14: 1.2 | B14: 16.2 | C14: =B14*C13/B13 -> 30.694737 | D14: =D15*B14/B15 -> 56.742557 | E14: =E15*B14/B15 -> 57.857143 | F14: =D14 -> 56.742557 | G14: =G15*B14/B15 -> 61.016949 | H14: =H15*B14/B15 -> 58.909091 | I14: =G14 -> 61.016949 | J14: =D14*J13/D13 -> 13.77 | K14: =O14 -> 14.58 | L14: =P14 -> 14.58 | M14: =B14*M13/B13 -> 4.2631579 | N14: =B14*N13/B13 -> 46.894737 | O14: =P14 -> 14.58 | P14: 14.58 | Q14: =R14 -> 3.4243697 | R14: =R15*B15/B16 -> 3.4243697 | S14: 6.9428571 | T14: 6.9428571
... A101: 9.9 | B101: 24.9 | C101: =B101*C100/B100 -> 47.178947 | D101: =D102*B101/B102 -> 87.215412 | E101: =E102*B101/B102 -> 88.928571 | F101: =D101 -> 87.215412 | G101: =G102*B101/B102 -> 93.785311 | H101: =H102*B101/B102 -> 90.545455 | I101: =G101 -> 93.785311 | J101: =D101*J100/D100 -> 21.165 | K101: =O101 -> 22.41 | L101: =P101 -> 22.41 | M101: =B101*M100/B100 -> 6.5526316 | N101: =B101*N100/B100 -> 72.078947 | O101: =P101 -> 22.41 | P101: 22.41 | Q101: =R101 -> 4.7519008 | R101: =R102*B102/B103 -> 4.7519008 | S101: 10.671428 | T101: 10.671428
A102: 10 | B102: =25/42*FC!B4 -> 22.619048 | C102: =B102*C101/B101 -> 42.857143 | D102: =D103*B102/B103 -> 79.226086 | E102: =E103*B102/B103 -> 80.782313 | F102: =D102 -> 79.226086 | G102: =G103*B102/B103 -> 85.194153 | H102: =H103*B102/B103 -> 82.251082 | I102: =G102 -> 85.194153 | J102: =D102*J101/D101 -> 19.22619 | K102: =O102 -> 22.5 | L102: =P102 -> 22.5 | M102: =B102*M101/B101 -> 5.952381 | N102: =B102*N101/B101 -> 65.47619 | O102: =P102 -> 22.5 | P102: 22.5 | Q102: =R102 -> 5.2731092 | R102: =R103*B103/B104 -> 5.2731092 | S102: 10.714286 | T102: 10.714286
A103: 10.1 | B103: 25.1 | C103: =B103*C102/B102 -> 47.557895 | D103: =D104*B103/B104 -> 87.915937 | E103: =E104*B103/B104 -> 89.642857 | F103: =D103 -> 87.915937 | G103: =G104*B103/B104 -> 94.538606 | H103: =H104*B103/B104 -> 91.272727 | I103: =G103 -> 94.538606 | J103: =D103*J102/D102 -> 21.335 | K103: =O103 -> 22.59 | L103: =P103 -> 22.59 | M103: =B103*M102/B102 -> 6.6052632 | N103: =B103*N102/B102 -> 72.657895 | O103: =P103 -> 22.59 | P103: 22.59 | Q103: =R103 -> 5.2941176 | R103: =R104*B104/B105 -> 5.2941176 | S103: 10.757143 | T103: 10.757143
A104: 10.2 | B104: 25.2 | C104: =B104*C103/B103 -> 47.747368 | D104: =D105*B104/B105 -> 88.2662 | E104: =E105*B104/B105 -> 90 | F104: =D104 -> 88.2662 | G104: =G105*B104/B105 -> 94.915254 | H104: =H105*B104/B105 -> 91.636364 | I104: =G104 -> 94.915254 | J104: =D104*J103/D103 -> 21.42 | K104: =O104 -> 22.68 | L104: =P104 -> 22.68 | M104: =B104*M103/B103 -> 6.6315789 | N104: =B104*N103/B103 -> 72.947368 | O104: =P104 -> 22.68 | P104: 22.68 | Q104: =R104 -> 5.3151261 | R104: =R105*B105/B106 -> 5.3151261 | S104: 10.8 | T104: 10.8
A105: 10.3 | B105: 25.3 | C105: =B105*C104/B104 -> 47.936842 | D105: =D106*B105/B106 -> 88.616462 | E105: =E106*B105/B106 -> 90.357143 | F105: =D105 -> 88.616462 | G105: =G106*B105/B106 -> 95.291902 | H105: =H106*B105/B106 -> 92 | I105: =G105 -> 95.291902 | J105: =D105*J104/D104 -> 21.505 | K105: =O105 -> 22.77 | L105: =P105 -> 22.77 | M105: =B105*M104/B104 -> 6.6578947 | N105: =B105*N104/B104 -> 73.236842 | O105: =P105 -> 22.77 | P105: 22.77 | Q105: =R105 -> 5.3361345 | R105: =R106*B106/B107 -> 5.3361345 | S105: 10.842857 | T105: 10.842857
A106: 10.4 | B106: 25.4 | C106: =B106*C105/B105 -> 48.126316 | D106: =D107*B106/B107 -> 88.966725 | E106: =E107*B106/B107 -> 90.714286 | F106: =D106 -> 88.966725 | G106: =G107*B106/B107 -> 95.66855 | H106: =H107*B106/B107 -> 92.363636 | I106: =G106 -> 95.66855 | J106: =D106*J105/D105 -> 21.59 | K106: =O106 -> 22.86 | L106: =P106 -> 22.86 | M106: =B106*M105/B105 -> 6.6842105 | N106: =B106*N105/B105 -> 73.526316 | O106: =P106 -> 22.86 | P106: 22.86 | Q106: =R106 -> 5.3571429 | R106: =R107*B107/B108 -> 5.3571429 | S106: 10.885714 | T106: 10.885714
A107: 10.5 | B107: 25.5 | C107: =B107*C106/B106 -> 48.315789 | D107: =D108*B107/B108 -> 89.316988 | E107: =E108*B107/B108 -> 91.071429 | F107: =D107 -> 89.316988 | G107: =G108*B107/B108 -> 96.045198 | H107: =H108*B107/B108 -> 92.727273 | I107: =G107 -> 96.045198 | J107: =D107*J106/D106 -> 21.675 | K107: =O107 -> 22.95 | L107: =P107 -> 22.95 | M107: =B107*M106/B106 -> 6.7105263 | N107: =B107*N106/B106 -> 73.815789 | O107: =P107 -> 22.95 | P107: 22.95 | Q107: =R107 -> 5.3781513 | R107: =R108*B108/B109 -> 5.3781513 | S107: 10.928571 | T107: 10.928571
A108: 10.6 | B108: 25.6 | C108: =B108*C107/B107 -> 48.505263 | D108: =D109*B108/B109 -> 89.66725 | E108: =E109*B108/B109 -> 91.428571 | F108: =D108 -> 89.66725 | G108: =G109*B108/B109 -> 96.421846 | H108: =H109*B108/B109 -> 93.090909 | I108: =G108 -> 96.421846 | J108: =D108*J107/D107 -> 21.76 | K108: =O108 -> 23.04 | L108: =P108 -> 23.04 | M108: =B108*M107/B107 -> 6.7368421 | N108: =B108*N107/B107 -> 74.105263 | O108: =P108 -> 23.04 | P108: 23.04 | Q108: =R108 -> 5.3991597 | R108: =R109*B109/B110 -> 5.3991597 | S108: 10.971428 | T108: 10.971428
A109: 10.7 | B109: 25.7 | C109: =B109*C108/B108 -> 48.694737 | D109: =D110*B109/B110 -> 90.017513 | E109: =E110*B109/B110 -> 91.785714 | F109: =D109 -> 90.017513 | G109: =G110*B109/B110 -> 96.798493 | H109: =H110*B109/B110 -> 93.454545 | I109: =G109 -> 96.798493 | J109: =D109*J108/D108 -> 21.845 | K109: =O109 -> 23.129999 | L109: =P109 -> 23.129999 | M109: =B109*M108/B108 -> 6.7631579 | N109: =B109*N108/B108 -> 74.394737 | O109: =P109 -> 23.129999 | P109: 23.129999 | Q109: =R109 -> 5.4201681 | R109: =R110*B110/B111 -> 5.4201681 | S109: 11.014285 | T109: 11.014285
A110: 10.8 | B110: 25.8 | C110: =B110*C109/B109 -> 48.884211 | D110: =D111*B110/B111 -> 90.367776 | E110: =E111*B110/B111 -> 92.142857 | F110: =D110 -> 90.367776 | G110: =G111*B110/B111 -> 97.175141 | H110: =H111*B110/B111 -> 93.818182 | I110: =G110 -> 97.175141 | J110: =D110*J109/D109 -> 21.93 | K110: =O110 -> 23.219999 | L110: =P110 -> 23.219999 | M110: =B110*M109/B109 -> 6.7894737 | N110: =B110*N109/B109 -> 74.684211 | O110: =P110 -> 23.219999 | P110: 23.219999 | Q110: =R110 -> 5.4411765 | R110: =R111*B111/B112 -> 5.4411765 | S110: 11.057143 | T110: 11.057143
A111: 10.9 | B111: 25.9 | C111: =B111*C110/B110 -> 49.073684 | D111: =D112*B111/B112 -> 90.718039 | E111: =E112*B111/B112 -> 92.5 | F111: =D111 -> 90.718039 | G111: =G112*B111/B112 -> 97.551789 | H111: =H112*B111/B112 -> 94.181818 | I111: =G111 -> 97.551789 | J111: =D111*J110/D110 -> 22.015 | K111: =O111 -> 23.309999 | L111: =P111 -> 23.309999 | M111: =B111*M110/B110 -> 6.8157895 | N111: =B111*N110/B110 -> 74.973684 | O111: =P111 -> 23.309999 | P111: 23.309999 | Q111: =R111 -> 5.4621849 | R111: =R112*B112/B113 -> 5.4621849 | S111: 11.1 | T111: 11.1
A112: 11 | B112: 26 | C112: =B112*C111/B111 -> 49.263158 | D112: =D113*B112/B113 -> 91.068301 | E112: =E113*B112/B113 -> 92.857143 | F112: =D112 -> 91.068301 | G112: =G113*B112/B113 -> 97.928437 | H112: =H113*B112/B113 -> 94.545455 | I112: =G112 -> 97.928437 | J112: =D112*J111/D111 -> 22.1 | K112: =O112 -> 23.399999 | L112: =P112 -> 23.399999 | M112: =B112*M111/B111 -> 6.8421053 | N112: =B112*N111/B111 -> 75.263158 | O112: =P112 -> 23.399999 | P112: 23.399999 | Q112: =R112 -> 5.4831933 | R112: =R113*B113/B114 -> 5.4831933 | S112: 11.142857 | T112: 11.142857
A113: 11.1 | B113: 26.1 | C113: =B113*C112/B112 -> 49.452632 | D113: =D114*B113/B114 -> 91.418564 | E113: =E114*B113/B114 -> 93.214286 | F113: =D113 -> 91.418564 | G113: =G114*B113/B114 -> 98.305085 | H113: =H114*B113/B114 -> 94.909091 | I113: =G113 -> 98.305085 | J113: =D113*J112/D112 -> 22.185 | K113: =O113 -> 23.489999 | L113: =P113 -> 23.489999 | M113: =B113*M112/B112 -> 6.8684211 | N113: =B113*N112/B112 -> 75.552632 | O113: =P113 -> 23.489999 | P113: 23.489999 | Q113: =R113 -> 5.5042017 | R113: =R114*B114/B115 -> 5.5042017 | S113: 11.185714 | T113: 11.185714
A114: 11.2 | B114: 26.2 | C114: =B114*C113/B113 -> 49.642105 | D114: =D115*B114/B115 -> 91.768827 | E114: =E115*B114/B115 -> 93.571429 | F114: =D114 -> 91.768827 | G114: =G115*B114/B115 -> 98.681733 | H114: =H115*B114/B115 -> 95.272727 | I114: =G114 -> 98.681733 | J114: =D114*J113/D113 -> 22.27 | K114: =O114 -> 23.579999 | L114: =P114 -> 23.579999 | M114: =B114*M113/B113 -> 6.8947368 | N114: =B114*N113/B113 -> 75.842105 | O114: =P114 -> 23.579999 | P114: 23.579999 | Q114: =R114 -> 5.5252101 | R114: =R115*B115/B116 -> 5.5252101 | S114: 11.228571 | T114: 11.228571
... A201: 19.9 | B201: 34.9 | C201: =B201*C200/B200 -> 66.126316 | D201: =D202*B201/B202 -> 122.24168 | E201: =E202*B201/B202 -> 124.64286 | F201: =D201 -> 122.24168 | G201: =G202*B201/B202 -> 131.45009 | H201: =H202*B201/B202 -> 126.90909 | I201: =G201 -> 131.45009 | J201: =D201*J200/D200 -> 29.665 | K201: =O201 -> 31.409993 | L201: =P201 -> 31.409993 | M201: =B201*M200/B200 -> 9.1842105 | N201: =B201*N200/B200 -> 101.02632 | O201: =P201 -> 31.409993 | P201: 31.409993 | Q201: =R201 -> 6.6526611 | R201: =R202*B202/B203 -> 6.6526611 | S201: 14.957139 | T201: 14.957139
A202: 20 | B202: =35/42*FC!B4 -> 31.666667 | C202: =B202*C201/B201 -> 60 | D202: =D203*B202/B203 -> 110.91652 | E202: =E203*B202/B203 -> 113.09524 | F202: =D202 -> 110.91652 | G202: =G203*B202/B203 -> 119.27181 | H202: =H203*B202/B203 -> 115.15152 | I202: =G202 -> 119.27181 | J202: =D202*J201/D201 -> 26.916667 | K202: =O202 -> 31.5 | L202: =P202 -> 31.5 | M202: =B202*M201/B201 -> 8.3333333 | N202: =B202*N201/B201 -> 91.666667 | O202: =P202 -> 31.5 | P202: 31.5 | Q202: =R202 -> 7.3676471 | R202: =R203*B203/B204 -> 7.3676471 | S202: 15 | T202: 15
A203: 20.1 | B203: 35.07 | C203: =B203*C202/B202 -> 66.448421 | D203: =D204*B203/B204 -> 122.83713 | E203: =E204*B203/B204 -> 125.25 | F203: =D203 -> 122.83713 | G203: =G204*B203/B204 -> 132.0904 | H203: =H204*B203/B204 -> 127.52727 | I203: =G203 -> 132.0904 | J203: =D203*J202/D202 -> 29.8095 | K203: =O203 -> 31.563 | L203: =P203 -> 31.563 | M203: =B203*M202/B202 -> 9.2289474 | N203: =B203*N202/B202 -> 101.51842 | O203: =P203 -> 31.563 | P203: 31.563 | Q203: =R203 -> 7.3823529 | R203: =R204*B204/B205 -> 7.3823529 | S203: 15.03 | T203: 15.03
A204: 20.2 | B204: 35.14 | C204: =B204*C203/B203 -> 66.581053 | D204: =D205*B204/B205 -> 123.08231 | E204: =E205*B204/B205 -> 125.5 | F204: =D204 -> 123.08231 | G204: =G205*B204/B205 -> 132.35405 | H204: =H205*B204/B205 -> 127.78182 | I204: =G204 -> 132.35405 | J204: =D204*J203/D203 -> 29.869 | K204: =O204 -> 31.626 | L204: =P204 -> 31.626 | M204: =B204*M203/B203 -> 9.2473684 | N204: =B204*N203/B203 -> 101.72105 | O204: =P204 -> 31.626 | P204: 31.626 | Q204: =R204 -> 7.3970588 | R204: =R205*B205/B206 -> 7.3970588 | S204: 15.06 | T204: 15.06
A205: 20.3 | B205: 35.21 | C205: =B205*C204/B204 -> 66.713684 | D205: =D206*B205/B206 -> 123.3275 | E205: =E206*B205/B206 -> 125.75 | F205: =D205 -> 123.3275 | G205: =G206*B205/B206 -> 132.6177 | H205: =H206*B205/B206 -> 128.03636 | I205: =G205 -> 132.6177 | J205: =D205*J204/D204 -> 29.9285 | K205: =O205 -> 31.689 | L205: =P205 -> 31.689 | M205: =B205*M204/B204 -> 9.2657895 | N205: =B205*N204/B204 -> 101.92368 | O205: =P205 -> 31.689 | P205: 31.689 | Q205: =R205 -> 7.4117647 | R205: =R206*B206/B207 -> 7.4117647 | S205: 15.09 | T205: 15.09
A206: 20.4 | B206: 35.28 | C206: =B206*C205/B205 -> 66.846316 | D206: =D207*B206/B207 -> 123.57268 | E206: =E207*B206/B207 -> 126 | F206: =D206 -> 123.57268 | G206: =G207*B206/B207 -> 132.88136 | H206: =H207*B206/B207 -> 128.29091 | I206: =G206 -> 132.88136 | J206: =D206*J205/D205 -> 29.988 | K206: =O206 -> 31.752 | L206: =P206 -> 31.752 | M206: =B206*M205/B205 -> 9.2842105 | N206: =B206*N205/B205 -> 102.12632 | O206: =P206 -> 31.752 | P206: 31.752 | Q206: =R206 -> 7.4264706 | R206: =R207*B207/B208 -> 7.4264706 | S206: 15.12 | T206: 15.12
A207: 20.5 | B207: 35.35 | C207: =B207*C206/B206 -> 66.978947 | D207: =D208*B207/B208 -> 123.81786 | E207: =E208*B207/B208 -> 126.25 | F207: =D207 -> 123.81786 | G207: =G208*B207/B208 -> 133.14501 | H207: =H208*B207/B208 -> 128.54545 | I207: =G207 -> 133.14501 | J207: =D207*J206/D206 -> 30.0475 | K207: =O207 -> 31.815 | L207: =P207 -> 31.815 | M207: =B207*M206/B206 -> 9.3026316 | N207: =B207*N206/B206 -> 102.32895 | O207: =P207 -> 31.815 | P207: 31.815 | Q207: =R207 -> 7.4411765 | R207: =R208*B208/B209 -> 7.4411765 | S207: 15.15 | T207: 15.15
A208: 20.6 | B208: 35.42 | C208: =B208*C207/B207 -> 67.111579 | D208: =D209*B208/B209 -> 124.06305 | E208: =E209*B208/B209 -> 126.5 | F208: =D208 -> 124.06305 | G208: =G209*B208/B209 -> 133.40866 | H208: =H209*B208/B209 -> 128.8 | I208: =G208 -> 133.40866 | J208: =D208*J207/D207 -> 30.107 | K208: =O208 -> 31.878 | L208: =P208 -> 31.878 | M208: =B208*M207/B207 -> 9.3210526 | N208: =B208*N207/B207 -> 102.53158 | O208: =P208 -> 31.878 | P208: 31.878 | Q208: =R208 -> 7.4558824 | R208: =R209*B209/B210 -> 7.4558824 | S208: 15.18 | T208: 15.18
A209: 20.7 | B209: 35.49 | C209: =B209*C208/B208 -> 67.244211 | D209: =D210*B209/B210 -> 124.30823 | E209: =E210*B209/B210 -> 126.75 | F209: =D209 -> 124.30823 | G209: =G210*B209/B210 -> 133.67232 | H209: =H210*B209/B210 -> 129.05455 | I209: =G209 -> 133.67232 | J209: =D209*J208/D208 -> 30.1665 | K209: =O209 -> 31.941 | L209: =P209 -> 31.941 | M209: =B209*M208/B208 -> 9.3394737 | N209: =B209*N208/B208 -> 102.73421 | O209: =P209 -> 31.941 | P209: 31.941 | Q209: =R209 -> 7.4705882 | R209: =R210*B210/B211 -> 7.4705882 | S209: 15.21 | T209: 15.21
A210: 20.8 | B210: 35.56 | C210: =B210*C209/B209 -> 67.376842 | D210: =D211*B210/B211 -> 124.55342 | E210: =E211*B210/B211 -> 127 | F210: =D210 -> 124.55342 | G210: =G211*B210/B211 -> 133.93597 | H210: =H211*B210/B211 -> 129.30909 | I210: =G210 -> 133.93597 | J210: =D210*J209/D209 -> 30.226 | K210: =O210 -> 32.004 | L210: =P210 -> 32.004 | M210: =B210*M209/B209 -> 9.3578947 | N210: =B210*N209/B209 -> 102.93684 | O210: =P210 -> 32.004 | P210: 32.004 | Q210: =R210 -> 7.4852941 | R210: =R211*B211/B212 -> 7.4852941 | S210: 15.24 | T210: 15.24
A211: 20.9 | B211: 35.63 | C211: =B211*C210/B210 -> 67.509474 | D211: =D212*B211/B212 -> 124.7986 | E211: =E212*B211/B212 -> 127.25 | F211: =D211 -> 124.7986 | G211: =G212*B211/B212 -> 134.19962 | H211: =H212*B211/B212 -> 129.56364 | I211: =G211 -> 134.19962 | J211: =D211*J210/D210 -> 30.2855 | K211: =O211 -> 32.067 | L211: =P211 -> 32.067 | M211: =B211*M210/B210 -> 9.3763158 | N211: =B211*N210/B210 -> 103.13947 | O211: =P211 -> 32.067 | P211: 32.067 | Q211: =R211 -> 7.5 | R211: =R212*B212/B213 -> 7.5 | S211: 15.27 | T211: 15.27
A212: 21 | B212: 35.7 | C212: =B212*C211/B211 -> 67.642105 | D212: =D213*B212/B213 -> 125.04378 | E212: =E213*B212/B213 -> 127.5 | F212: =D212 -> 125.04378 | G212: =G213*B212/B213 -> 134.46328 | H212: =H213*B212/B213 -> 129.81818 | I212: =G212 -> 134.46328 | J212: =D212*J211/D211 -> 30.345 | K212: =O212 -> 32.13 | L212: =P212 -> 32.13 | M212: =B212*M211/B211 -> 9.3947368 | N212: =B212*N211/B211 -> 103.34211 | O212: =P212 -> 32.13 | P212: 32.13 | Q212: =R212 -> 7.5147059 | R212: =R213*B213/B214 -> 7.5147059 | S212: 15.3 | T212: 15.3
A213: 21.1 | B213: 35.77 | C213: =B213*C212/B212 -> 67.774737 | D213: =D214*B213/B214 -> 125.28897 | E213: =E214*B213/B214 -> 127.75 | F213: =D213 -> 125.28897 | G213: =G214*B213/B214 -> 134.72693 | H213: =H214*B213/B214 -> 130.07273 | I213: =G213 -> 134.72693 | J213: =D213*J212/D212 -> 30.4045 | K213: =O213 -> 32.193001 | L213: =P213 -> 32.193001 | M213: =B213*M212/B212 -> 9.4131579 | N213: =B213*N212/B212 -> 103.54474 | O213: =P213 -> 32.193001 | P213: 32.193001 | Q213: =R213 -> 7.5294118 | R213: =R214*B214/B215 -> 7.5294118 | S213: 15.33 | T213: 15.33
A214: 21.2 | B214: 35.84 | C214: =B214*C213/B213 -> 67.907368 | D214: =D215*B214/B215 -> 125.53415 | E214: =E215*B214/B215 -> 128 | F214: =D214 -> 125.53415 | G214: =G215*B214/B215 -> 134.99058 | H214: =H215*B214/B215 -> 130.32727 | I214: =G214 -> 134.99058 | J214: =D214*J213/D213 -> 30.464 | K214: =O214 -> 32.256001 | L214: =P214 -> 32.256001 | M214: =B214*M213/B213 -> 9.4315789 | N214: =B214*N213/B213 -> 103.74737 | O214: =P214 -> 32.256001 | P214: 32.256001 | Q214: =R214 -> 7.5441176 | R214: =R215*B215/B216 -> 7.5441176 | S214: 15.36 | T214: 15.36
... A232: 23 | B232: 37.1 | C232: =B232*C231/B231 -> 70.294737 | D232: =D233*B232/B233 -> 129.94746 | E232: =E233*B232/B233 -> 132.5 | F232: =D232 -> 129.94746 | G232: =G233*B232/B233 -> 139.73635 | H232: =H233*B232/B233 -> 134.90909 | I232: =G232 -> 139.73635 | J232: =D232*J231/D231 -> 31.535 | K232: =O232 -> 33.390001 | L232: =P232 -> 33.390001 | M232: =B232*M231/B231 -> 9.7631579 | N232: =B232*N231/B231 -> 107.39474 | O232: =P232 -> 33.390001 | P232: 33.390001 | Q232: =R232 -> 7.8088235 | R232: =R233*B233/B234 -> 7.8088235 | S232: 15.900001 | T232: 15.900001
A233: 23.1 | B233: 37.17 | C233: =B233*C232/B232 -> 70.427368 | D233: =D234*B233/B234 -> 130.19264 | E233: =E234*B233/B234 -> 132.75 | F233: =D233 -> 130.19264 | G233: 140 | H233: =H234*B233/B234 -> 135.16364 | I233: =G233 -> 140 | J233: =D233*J232/D232 -> 31.5945 | K233: =O233 -> 33.453001 | L233: =P233 -> 33.453001 | M233: =B233*M232/B232 -> 9.7815789 | N233: =B233*N232/B232 -> 107.59737 | O233: =P233 -> 33.453001 | P233: 33.453001 | Q233: =R233 -> 7.8235294 | R233: =R234*B234/B235 -> 7.8235294 | S233: 15.930001 | T233: 15.930001
A234: 23.2 | B234: 37.24 | C234: =B234*C233/B233 -> 70.56 | D234: =D235*B234/B235 -> 130.43783 | E234: =E235*B234/B235 -> 133 | F234: =D234 -> 130.43783 | G234: 140 | H234: =H235*B234/B235 -> 135.41818 | I234: =G234 -> 140 | J234: =D234*J233/D233 -> 31.654 | K234: =O234 -> 33.516001 | L234: =P234 -> 33.516001 | M234: =B234*M233/B233 -> 9.8 | N234: =B234*N233/B233 -> 107.8 | O234: =P234 -> 33.516001 | P234: 33.516001 | Q234: =R234 -> 7.8382353 | R234: =R235*B235/B236 -> 7.8382353 | S234: 15.960001 | T234: 15.960001
A235: 23.3 | B235: 37.31 | C235: =B235*C234/B234 -> 70.692632 | D235: =D236*B235/B236 -> 130.68301 | E235: =E236*B235/B236 -> 133.25 | F235: =D235 -> 130.68301 | G235: 140 | H235: =H236*B235/B236 -> 135.67273 | I235: =G235 -> 140 | J235: =D235*J234/D234 -> 31.7135 | K235: =O235 -> 33.579002 | L235: =P235 -> 33.579002 | M235: =B235*M234/B234 -> 9.8184211 | N235: =B235*N234/B234 -> 108.00263 | O235: =P235 -> 33.579002 | P235: 33.579002 | Q235: =R235 -> 7.8529412 | R235: =R236*B236/B237 -> 7.8529412 | S235: 15.990001 | T235: 15.990001
A236: 23.4 | B236: 37.38 | C236: =B236*C235/B235 -> 70.825263 | D236: =D237*B236/B237 -> 130.9282 | E236: =E237*B236/B237 -> 133.5 | F236: =D236 -> 130.9282 | G236: 140 | H236: =H237*B236/B237 -> 135.92727 | I236: =G236 -> 140 | J236: =D236*J235/D235 -> 31.773 | K236: =O236 -> 33.642002 | L236: =P236 -> 33.642002 | M236: =B236*M235/B235 -> 9.8368421 | N236: =B236*N235/B235 -> 108.20526 | O236: =P236 -> 33.642002 | P236: 33.642002 | Q236: =R236 -> 7.8676471 | R236: =R237*B237/B238 -> 7.8676471 | S236: 16.020001 | T236: 16.020001
A237: 23.5 | B237: 37.45 | C237: =B237*C236/B236 -> 70.957895 | D237: =D238*B237/B238 -> 131.17338 | E237: =E238*B237/B238 -> 133.75 | F237: =D237 -> 131.17338 | G237: 140 | H237: =H238*B237/B238 -> 136.18182 | I237: =G237 -> 140 | J237: =D237*J236/D236 -> 31.8325 | K237: =O237 -> 33.705002 | L237: =P237 -> 33.705002 | M237: =B237*M236/B236 -> 9.8552632 | N237: =B237*N236/B236 -> 108.40789 | O237: =P237 -> 33.705002 | P237: 33.705002 | Q237: =R237 -> 7.8823529 | R237: =R238*B238/B239 -> 7.8823529 | S237: 16.050001 | T237: 16.050001
A238: 23.6 | B238: 37.52 | C238: =B238*C237/B237 -> 71.090526 | D238: =D239*B238/B239 -> 131.41856 | E238: =E239*B238/B239 -> 134 | F238: =D238 -> 131.41856 | G238: 140 | H238: =H239*B238/B239 -> 136.43636 | I238: =G238 -> 140 | J238: =D238*J237/D237 -> 31.892 | K238: =O238 -> 33.768002 | L238: =P238 -> 33.768002 | M238: =B238*M237/B237 -> 9.8736842 | N238: =B238*N237/B237 -> 108.61053 | O238: =P238 -> 33.768002 | P238: 33.768002 | Q238: =R238 -> 7.8970588 | R238: =R239*B239/B240 -> 7.8970588 | S238: 16.080001 | T238: 16.080001
A239: 23.7 | B239: 37.59 | C239: =B239*C238/B238 -> 71.223158 | D239: =D240*B239/B240 -> 131.66375 | E239: =E240*B239/B240 -> 134.25 | F239: =D239 -> 131.66375 | G239: 140 | H239: =H240*B239/B240 -> 136.69091 | I239: =G239 -> 140 | J239: =D239*J238/D238 -> 31.9515 | K239: =O239 -> 33.831002 | L239: =P239 -> 33.831002 | M239: =B239*M238/B238 -> 9.8921053 | N239: =B239*N238/B238 -> 108.81316 | O239: =P239 -> 33.831002 | P239: 33.831002 | Q239: =R239 -> 7.9117647 | R239: =R240*B240/B241 -> 7.9117647 | S239: 16.110001 | T239: 16.110001
A240: 23.8 | B240: 37.66 | C240: =B240*C239/B239 -> 71.355789 | D240: =D241*B240/B241 -> 131.90893 | E240: =E241*B240/B241 -> 134.5 | F240: =D240 -> 131.90893 | G240: 140 | H240: =H241*B240/B241 -> 136.94545 | I240: =G240 -> 140 | J240: =D240*J239/D239 -> 32.011 | K240: =O240 -> 33.894002 | L240: =P240 -> 33.894002 | M240: =B240*M239/B239 -> 9.9105263 | N240: =B240*N239/B239 -> 109.01579 | O240: =P240 -> 33.894002 | P240: 33.894002 | Q240: =R240 -> 7.9264706 | R240: =R241*B241/B242 -> 7.9264706 | S240: 16.140001 | T240: 16.140001
A241: 23.9 | B241: 37.73 | C241: =B241*C240/B240 -> 71.488421 | D241: =D242*B241/B242 -> 132.15412 | E241: =E242*B241/B242 -> 134.75 | F241: =D241 -> 132.15412 | G241: 140 | H241: =H242*B241/B242 -> 137.2 | I241: =G241 -> 140 | J241: =D241*J240/D240 -> 32.0705 | K241: =O241 -> 33.957002 | L241: =P241 -> 33.957002 | M241: =B241*M240/B240 -> 9.9289474 | N241: =B241*N240/B240 -> 109.21842 | O241: =P241 -> 33.957002 | P241: 33.957002 | Q241: =R241 -> 7.9411765 | R241: =R242*B242/B243 -> 7.9411765 | S241: 16.170001 | T241: 16.170001
A242: 24 | B242: 37.8 | C242: =B242*C241/B241 -> 71.621053 | D242: =D243*B242/B243 -> 132.3993 | E242: =E243*B242/B243 -> 135 | F242: =D242 -> 132.3993 | G242: 140 | H242: =H243*B242/B243 -> 137.45455 | I242: =G242 -> 140 | J242: =D242*J241/D241 -> 32.13 | K242: =O242 -> 34.020002 | L242: =P242 -> 34.020002 | M242: =B242*M241/B241 -> 9.9473684 | N242: =B242*N241/B241 -> 109.42105 | O242: =P242 -> 34.020002 | P242: 34.020002 | Q242: =R242 -> 7.9558824 | R242: =R243*B243/B244 -> 7.9558824 | S242: 16.200001 | T242: 16.200001
A243: 24.1 | B243: 37.87 | C243: =B243*C242/B242 -> 71.753684 | D243: =D244*B243/B244 -> 132.64448 | E243: =E244*B243/B244 -> 135.25 | F243: =D243 -> 132.64448 | G243: 140 | H243: =H244*B243/B244 -> 137.70909 | I243: =G243 -> 140 | J243: =D243*J242/D242 -> 32.1895 | K243: =O243 -> 34.083002 | L243: =P243 -> 34.083002 | M243: =B243*M242/B242 -> 9.9657895 | N243: =B243*N242/B242 -> 109.62368 | O243: =P243 -> 34.083002 | P243: 34.083002 | Q243: =R243 -> 7.9705882 | R243: =R244*B244/B245 -> 7.9705882 | S243: 16.230001 | T243: 16.230001
A244: 24.2 | B244: 37.94 | C244: =B244*C243/B243 -> 71.886316 | D244: =D245*B244/B245 -> 132.88967 | E244: =E245*B244/B245 -> 135.5 | F244: =D244 -> 132.88967 | G244: 140 | H244: =H245*B244/B245 -> 137.96364 | I244: =G244 -> 140 | J244: =D244*J243/D243 -> 32.249 | K244: =O244 -> 34.146002 | L244: =P244 -> 34.146002 | M244: =B244*M243/B243 -> 9.9842105 | N244: =B244*N243/B243 -> 109.82632 | O244: =P244 -> 34.146002 | P244: 34.146002 | Q244: =R244 -> 7.9852941 | R244: =R245*B245/B246 -> 7.9852941 | S244: 16.260001 | T244: 16.260001
... A251: 24.9 | B251: 38.43 | C251: =B251*C250/B250 -> 72.814737 | D251: =D252*B251/B252 -> 134.60595 | E251: =E252*B251/B252 -> 137.25 | F251: =D251 -> 134.60595 | G251: 140 | H251: =H252*B251/B252 -> 139.74545 | I251: =G251 -> 140 | J251: =D251*J250/D250 -> 32.6655 | K251: =O251 -> 34.587002 | L251: =P251 -> 34.587002 | M251: =B251*M250/B250 -> 10.113158 | N251: =B251*N250/B250 -> 111.24474 | O251: =P251 -> 34.587002 | P251: 34.587002 | Q251: =R251 -> 8.0882353 | R251: =R252*B252/B253 -> 8.0882353 | S251: 16.470001 | T251: 16.470001
A252: 25 | B252: 38.5 | C252: =B252*C251/B251 -> 72.947368 | D252: =D253*B252/B253 -> 134.85114 | E252: =E253*B252/B253 -> 137.5 | F252: =D252 -> 134.85114 | G252: 140 | H252: 140 | I252: =G252 -> 140 | J252: =D252*J251/D251 -> 32.725 | K252: =O252 -> 34.650002 | L252: =P252 -> 34.650002 | M252: =B252*M251/B251 -> 10.131579 | N252: =B252*N251/B251 -> 111.44737 | O252: =P252 -> 34.650002 | P252: 34.650002 | Q252: =R252 -> 8.1029412 | R252: =R253*B253/B254 -> 8.1029412 | S252: 16.500001 | T252: 16.500001
A253: 25.1 | B253: 38.57 | C253: =B253*C252/B252 -> 73.08 | D253: =D254*B253/B254 -> 135.09632 | E253: =E254*B253/B254 -> 137.75 | F253: =D253 -> 135.09632 | G253: 140 | H253: 140 | I253: =G253 -> 140 | J253: =D253*J252/D252 -> 32.7845 | K253: =O253 -> 34.713002 | L253: =P253 -> 34.713002 | M253: =B253*M252/B252 -> 10.15 | N253: =B253*N252/B252 -> 111.65 | O253: =P253 -> 34.713002 | P253: 34.713002 | Q253: =R253 -> 8.1176471 | R253: =R254*B254/B255 -> 8.1176471 | S253: 16.530001 | T253: 16.530001
A254: 25.2 | B254: 38.64 | C254: =B254*C253/B253 -> 73.212632 | D254: =D255*B254/B255 -> 135.34151 | E254: =E255*B254/B255 -> 138 | F254: =D254 -> 135.34151 | G254: 140 | H254: 140 | I254: =G254 -> 140 | J254: =D254*J253/D253 -> 32.844 | K254: =O254 -> 34.776002 | L254: =P254 -> 34.776002 | M254: =B254*M253/B253 -> 10.168421 | N254: =B254*N253/B253 -> 111.85263 | O254: =P254 -> 34.776002 | P254: 34.776002 | Q254: =R254 -> 8.1323529 | R254: =R255*B255/B256 -> 8.1323529 | S254: 16.560001 | T254: 16.560001
A255: 25.3 | B255: 38.71 | C255: =B255*C254/B254 -> 73.345263 | D255: =D256*B255/B256 -> 135.58669 | E255: =E256*B255/B256 -> 138.25 | F255: =D255 -> 135.58669 | G255: 140 | H255: 140 | I255: =G255 -> 140 | J255: =D255*J254/D254 -> 32.9035 | K255: =O255 -> 34.839002 | L255: =P255 -> 34.839002 | M255: =B255*M254/B254 -> 10.186842 | N255: =B255*N254/B254 -> 112.05526 | O255: =P255 -> 34.839002 | P255: 34.839002 | Q255: =R255 -> 8.1470588 | R255: =R256*B256/B257 -> 8.1470588 | S255: 16.590001 | T255: 16.590001
A256: 25.4 | B256: 38.78 | C256: =B256*C255/B255 -> 73.477895 | D256: =D257*B256/B257 -> 135.83187 | E256: =E257*B256/B257 -> 138.5 | F256: =D256 -> 135.83187 | G256: 140 | H256: 140 | I256: =G256 -> 140 | J256: =D256*J255/D255 -> 32.963 | K256: =O256 -> 34.902002 | L256: =P256 -> 34.902002 | M256: =B256*M255/B255 -> 10.205263 | N256: =B256*N255/B255 -> 112.25789 | O256: =P256 -> 34.902002 | P256: 34.902002 | Q256: =R256 -> 8.1617647 | R256: =R257*B257/B258 -> 8.1617647 | S256: 16.620001 | T256: 16.620001
A257: 25.5 | B257: 38.85 | C257: =B257*C256/B256 -> 73.610526 | D257: =D258*B257/B258 -> 136.07706 | E257: =E258*B257/B258 -> 138.75 | F257: =D257 -> 136.07706 | G257: 140 | H257: 140 | I257: =G257 -> 140 | J257: =D257*J256/D256 -> 33.0225 | K257: =O257 -> 34.965003 | L257: =P257 -> 34.965003 | M257: =B257*M256/B256 -> 10.223684 | N257: =B257*N256/B256 -> 112.46053 | O257: =P257 -> 34.965003 | P257: 34.965003 | Q257: =R257 -> 8.1764706 | R257: =R258*B258/B259 -> 8.1764706 | S257: 16.650001 | T257: 16.650001
A258: 25.6 | B258: 38.92 | C258: =B258*C257/B257 -> 73.743158 | D258: =D259*B258/B259 -> 136.32224 | E258: =E259*B258/B259 -> 139 | F258: =D258 -> 136.32224 | G258: 140 | H258: 140 | I258: =G258 -> 140 | J258: =D258*J257/D257 -> 33.082 | K258: =O258 -> 35.028003 | L258: =P258 -> 35.028003 | M258: =B258*M257/B257 -> 10.242105 | N258: =B258*N257/B257 -> 112.66316 | O258: =P258 -> 35.028003 | P258: 35.028003 | Q258: =R258 -> 8.1911765 | R258: =R259*B259/B260 -> 8.1911765 | S258: 16.680001 | T258: 16.680001
A259: 25.7 | B259: 38.99 | C259: =B259*C258/B258 -> 73.875789 | D259: =D260*B259/B260 -> 136.56743 | E259: =E260*B259/B260 -> 139.25 | F259: =D259 -> 136.56743 | G259: 140 | H259: 140 | I259: =G259 -> 140 | J259: =D259*J258/D258 -> 33.1415 | K259: =O259 -> 35.091003 | L259: =P259 -> 35.091003 | M259: =B259*M258/B258 -> 10.260526 | N259: =B259*N258/B258 -> 112.86579 | O259: =P259 -> 35.091003 | P259: 35.091003 | Q259: =R259 -> 8.2058824 | R259: =R260*B260/B261 -> 8.2058824 | S259: 16.710001 | T259: 16.710001
A260: 25.8 | B260: 39.06 | C260: =B260*C259/B259 -> 74.008421 | D260: =D261*B260/B261 -> 136.81261 | E260: =E261*B260/B261 -> 139.5 | F260: =D260 -> 136.81261 | G260: 140 | H260: 140 | I260: =G260 -> 140 | J260: =D260*J259/D259 -> 33.201 | K260: =O260 -> 35.154003 | L260: =P260 -> 35.154003 | M260: =B260*M259/B259 -> 10.278947 | N260: =B260*N259/B259 -> 113.06842 | O260: =P260 -> 35.154003 | P260: 35.154003 | Q260: =R260 -> 8.2205882 | R260: =R261*B261/B262 -> 8.2205882 | S260: 16.740001 | T260: 16.740001
A261: 25.9 | B261: 39.13 | C261: =B261*C260/B260 -> 74.141053 | D261: =D262*B261/B262 -> 137.05779 | E261: =E262*B261/B262 -> 139.75 | F261: =D261 -> 137.05779 | G261: 140 | H261: 140 | I261: =G261 -> 140 | J261: =D261*J260/D260 -> 33.2605 | K261: =O261 -> 35.217003 | L261: =P261 -> 35.217003 | M261: =B261*M260/B260 -> 10.297368 | N261: =B261*N260/B260 -> 113.27105 | O261: =P261 -> 35.217003 | P261: 35.217003 | Q261: =R261 -> 8.2352941 | R261: =R262*B262/B263 -> 8.2352941 | S261: 16.770001 | T261: 16.770001
A262: 26 | B262: 39.2 | C262: =B262*C261/B261 -> 74.273684 | D262: =D263*B262/B263 -> 137.30298 | E262: 140 | F262: =D262 -> 137.30298 | G262: 140 | H262: 140 | I262: =G262 -> 140 | J262: =D262*J261/D261 -> 33.32 | K262: =O262 -> 35.280003 | L262: =P262 -> 35.280003 | M262: =B262*M261/B261 -> 10.315789 | N262: =B262*N261/B261 -> 113.47368 | O262: =P262 -> 35.280003 | P262: 35.280003 | Q262: =R262 -> 8.25 | R262: =R263*B263/B264 -> 8.25 | S262: 16.800001 | T262: 16.800001
A263: 26.1 | B263: 39.27 | C263: =B263*C262/B262 -> 74.406316 | D263: =D264*B263/B264 -> 137.54816 | E263: 140 | F263: =D263 -> 137.54816 | G263: 140 | H263: 140 | I263: =G263 -> 140 | J263: =D263*J262/D262 -> 33.3795 | K263: =O263 -> 35.343003 | L263: =P263 -> 35.343003 | M263: =B263*M262/B262 -> 10.334211 | N263: =B263*N262/B262 -> 113.67632 | O263: =P263 -> 35.343003 | P263: 35.343003 | Q263: =R263 -> 8.2647059 | R263: =R264*B264/B265 -> 8.2647059 | S263: 16.830001 | T263: 16.830001
A264: 26.2 | B264: 39.34 | C264: =B264*C263/B263 -> 74.538947 | D264: =D265*B264/B265 -> 137.79335 | E264: 140 | F264: =D264 -> 137.79335 | G264: 140 | H264: 140 | I264: =G264 -> 140 | J264: =D264*J263/D263 -> 33.439 | K264: =O264 -> 35.406003 | L264: =P264 -> 35.406003 | M264: =B264*M263/B263 -> 10.352632 | N264: =B264*N263/B263 -> 113.87895 | O264: =P264 -> 35.406003 | P264: 35.406003 | Q264: =R264 -> 8.2794118 | R264: =R265*B265/B266 -> 8.2794118 | S264: 16.860001 | T264: 16.860001
A265: 26.3 | B265: 39.41 | C265: =B265*C264/B264 -> 74.671579 | D265: =D266*B265/B266 -> 138.03853 | E265: 140 | F265: =D265 -> 138.03853 | G265: 140 | H265: 140 | I265: =G265 -> 140 | J265: =D265*J264/D264 -> 33.4985 | K265: =O265 -> 35.469003 | L265: =P265 -> 35.469003 | M265: =B265*M264/B264 -> 10.371053 | N265: =B265*N264/B264 -> 114.08158 | O265: =P265 -> 35.469003 | P265: 35.469003 | Q265: =R265 -> 8.2941176 | R265: =R266*B266/B267 -> 8.2941176 | S265: 16.890001 | T265: 16.890001
A266: 26.4 | B266: 39.48 | C266: =B266*C265/B265 -> 74.804211 | D266: =D267*B266/B267 -> 138.28371 | E266: 140 | F266: =D266 -> 138.28371 | G266: 140 | H266: 140 | I266: =G266 -> 140 | J266: =D266*J265/D265 -> 33.558 | K266: =O266 -> 35.532003 | L266: =P266 -> 35.532003 | M266: =B266*M265/B265 -> 10.389474 | N266: =B266*N265/B265 -> 114.28421 | O266: =P266 -> 35.532003 | P266: 35.532003 | Q266: =R266 -> 8.3088235 | R266: =R267*B267/B268 -> 8.3088235 | S266: 16.920001 | T266: 16.920001
A267: 26.5 | B267: 39.55 | C267: =B267*C266/B266 -> 74.936842 | D267: =D268*B267/B268 -> 138.5289 | E267: 140 | F267: =D267 -> 138.5289 | G267: 140 | H267: 140 | I267: =G267 -> 140 | J267: =D267*J266/D266 -> 33.6175 | K267: =O267 -> 35.595003 | L267: =P267 -> 35.595003 | M267: =B267*M266/B266 -> 10.407895 | N267: =B267*N266/B266 -> 114.48684 | O267: =P267 -> 35.595003 | P267: 35.595003 | Q267: =R267 -> 8.3235294 | R267: =R268*B268/B269 -> 8.3235294 | S267: 16.950001 | T267: 16.950001
A268: 26.6 | B268: 39.62 | C268: =B268*C267/B267 -> 75.069474 | D268: =D269*B268/B269 -> 138.77408 | E268: 140 | F268: =D268 -> 138.77408 | G268: 140 | H268: 140 | I268: =G268 -> 140 | J268: =D268*J267/D267 -> 33.677 | K268: =O268 -> 35.658003 | L268: =P268 -> 35.658003 | M268: =B268*M267/B267 -> 10.426316 | N268: =B268*N267/B267 -> 114.68947 | O268: =P268 -> 35.658003 | P268: 35.658003 | Q268: =R268 -> 8.3382353 | R268: =R269*B269/B270 -> 8.3382353 | S268: 16.980001 | T268: 16.980001
A269: 26.7 | B269: 39.69 | C269: =B269*C268/B268 -> 75.202105 | D269: =D270*B269/B270 -> 139.01926 | E269: 140 | F269: =D269 -> 139.01926 | G269: 140 | H269: 140 | I269: =G269 -> 140 | J269: =D269*J268/D268 -> 33.7365 | K269: =O269 -> 35.721003 | L269: =P269 -> 35.721003 | M269: =B269*M268/B268 -> 10.444737 | N269: =B269*N268/B268 -> 114.89211 | O269: =P269 -> 35.721003 | P269: 35.721003 | Q269: =R269 -> 8.3529412 | R269: =R270*B270/B271 -> 8.3529412 | S269: 17.010001 | T269: 17.010001
A270: 26.8 | B270: 39.76 | C270: =B270*C269/B269 -> 75.334737 | D270: =D271*B270/B271 -> 139.26445 | E270: 140 | F270: =D270 -> 139.26445 | G270: 140 | H270: 140 | I270: =G270 -> 140 | J270: =D270*J269/D269 -> 33.796 | K270: =O270 -> 35.784003 | L270: =P270 -> 35.784003 | M270: =B270*M269/B269 -> 10.463158 | N270: =B270*N269/B269 -> 115.09474 | O270: =P270 -> 35.784003 | P270: 35.784003 | Q270: =R270 -> 8.3676471 | R270: =R271*B271/B272 -> 8.3676471 | S270: 17.040001 | T270: 17.040001
A271: 26.9 | B271: 39.83 | C271: =B271*C270/B270 -> 75.467368 | D271: =D272*B271/B272 -> 139.50963 | E271: 140 | F271: =D271 -> 139.50963 | G271: 140 | H271: 140 | I271: =G271 -> 140 | J271: =D271*J270/D270 -> 33.8555 | K271: =O271 -> 35.847003 | L271: =P271 -> 35.847003 | M271: =B271*M270/B270 -> 10.481579 | N271: =B271*N270/B270 -> 115.29737 | O271: =P271 -> 35.847003 | P271: 35.847003 | Q271: =R271 -> 8.3823529 | R271: =R272*B272/B273 -> 8.3823529 | S271: 17.070001 | T271: 17.070001
A272: 27 | B272: 39.9 | C272: =B272*C271/B271 -> 75.6 | D272: =D273*B272/B273 -> 139.75482 | E272: 140 | F272: =D272 -> 139.75482 | G272: 140 | H272: 140 | I272: =G272 -> 140 | J272: =D272*J271/D271 -> 33.915 | K272: =O272 -> 35.910003 | L272: =P272 -> 35.910003 | M272: =B272*M271/B271 -> 10.5 | N272: =B272*N271/B271 -> 115.5 | O272: =P272 -> 35.910003 | P272: 35.910003 | Q272: =R272 -> 8.3970588 | R272: =R273*B273/B274 -> 8.3970588 | S272: 17.100002 | T272: 17.100002
A273: 27.1 | B273: 39.97 | C273: =B273*C272/B272 -> 75.732632 | D273: 140 | E273: 140 | F273: =D273 -> 140 | G273: 140 | H273: 140 | I273: =G273 -> 140 | J273: =D273*J272/D272 -> 33.9745 | K273: =O273 -> 35.973003 | L273: =P273 -> 35.973003 | M273: =B273*M272/B272 -> 10.518421 | N273: =B273*N272/B272 -> 115.70263 | O273: =P273 -> 35.973003 | P273: 35.973003 | Q273: =R273 -> 8.4117647 | R273: =R274*B274/B275 -> 8.4117647 | S273: 17.130002 | T273: 17.130002
A274: 27.2 | B274: 40.04 | C274: =B274*C273/B273 -> 75.865263 | D274: 140 | E274: 140 | F274: =D274 -> 140 | G274: 140 | H274: 140 | I274: =G274 -> 140 | J274: =D274*J273/D273 -> 33.9745 | K274: =O274 -> 36.036003 | L274: =P274 -> 36.036003 | M274: =B274*M273/B273 -> 10.536842 | N274: =B274*N273/B273 -> 115.90526 | O274: =P274 -> 36.036003 | P274: 36.036003 | Q274: =R274 -> 8.4264706 | R274: =R275*B275/B276 -> 8.4264706 | S274: 17.160002 | T274: 17.160002
A275: 27.3 | B275: 40.11 | C275: =B275*C274/B274 -> 75.997895 | D275: 140 | E275: 140 | F275: =D275 -> 140 | G275: 140 | H275: 140 | I275: =G275 -> 140 | J275: =D275*J274/D274 -> 33.9745 | K275: =O275 -> 36.099003 | L275: =P275 -> 36.099003 | M275: =B275*M274/B274 -> 10.555263 | N275: =B275*N274/B274 -> 116.10789 | O275: =P275 -> 36.099003 | P275: 36.099003 | Q275: =R275 -> 8.4411765 | R275: =R276*B276/B277 -> 8.4411765 | S275: 17.190002 | T275: 17.190002
A276: 27.4 | B276: 40.18 | C276: =B276*C275/B275 -> 76.130526 | D276: 140 | E276: 140 | F276: =D276 -> 140 | G276: 140 | H276: 140 | I276: =G276 -> 140 | J276: =D276*J275/D275 -> 33.9745 | K276: =O276 -> 36.162003 | L276: =P276 -> 36.162003 | M276: =B276*M275/B275 -> 10.573684 | N276: =B276*N275/B275 -> 116.31053 | O276: =P276 -> 36.162003 | P276: 36.162003 | Q276: =R276 -> 8.4558824 | R276: =R277*B277/B278 -> 8.4558824 | S276: 17.220002 | T276: 17.220002
A277: 27.5 | B277: 40.25 | C277: =B277*C276/B276 -> 76.263158 | D277: 140 | E277: 140 | F277: =D277 -> 140 | G277: 140 | H277: 140 | I277: =G277 -> 140 | J277: =D277*J276/D276 -> 33.9745 | K277: =O277 -> 36.225003 | L277: =P277 -> 36.225003 | M277: =B277*M276/B276 -> 10.592105 | N277: =B277*N276/B276 -> 116.51316 | O277: =P277 -> 36.225003 | P277: 36.225003 | Q277: =R277 -> 8.4705882 | R277: =R278*B278/B279 -> 8.4705882 | S277: 17.250002 | T277: 17.250002
A278: 27.6 | B278: 40.32 | C278: =B278*C277/B277 -> 76.395789 | D278: 140 | E278: 140 | F278: =D278 -> 140 | G278: 140 | H278: 140 | I278: =G278 -> 140 | J278: =D278*J277/D277 -> 33.9745 | K278: =O278 -> 36.288003 | L278: =P278 -> 36.288003 | M278: =B278*M277/B277 -> 10.610526 | N278: =B278*N277/B277 -> 116.71579 | O278: =P278 -> 36.288003 | P278: 36.288003 | Q278: =R278 -> 8.4852941 | R278: =R279*B279/B280 -> 8.4852941 | S278: 17.280002 | T278: 17.280002
A279: 27.7 | B279: 40.39 | C279: =B279*C278/B278 -> 76.528421 | D279: 140 | E279: 140 | F279: =D279 -> 140 | G279: 140 | H279: 140 | I279: =G279 -> 140 | J279: =D279*J278/D278 -> 33.9745 | K279: =O279 -> 36.351004 | L279: =P279 -> 36.351004 | M279: =B279*M278/B278 -> 10.628947 | N279: =B279*N278/B278 -> 116.91842 | O279: =P279 -> 36.351004 | P279: 36.351004 | Q279: =R279 -> 8.5 | R279: =R280*B280/B281 -> 8.5 | S279: 17.310002 | T279: 17.310002
A280: 27.8 | B280: 40.46 | C280: =B280*C279/B279 -> 76.661053 | D280: 140 | E280: 140 | F280: =D280 -> 140 | G280: 140 | H280: 140 | I280: =G280 -> 140 | J280: =D280*J279/D279 -> 33.9745 | K280: =O280 -> 36.414004 | L280: =P280 -> 36.414004 | M280: =B280*M279/B279 -> 10.647368 | N280: =B280*N279/B279 -> 117.12105 | O280: =P280 -> 36.414004 | P280: 36.414004 | Q280: =R280 -> 8.5147059 | R280: =R281*B281/B282 -> 8.5147059 | S280: 17.340002 | T280: 17.340002
A281: 27.9 | B281: 40.53 | C281: =B281*C280/B280 -> 76.793684 | D281: 140 | E281: 140 | F281: =D281 -> 140 | G281: 140 | H281: 140 | I281: =G281 -> 140 | J281: =D281*J280/D280 -> 33.9745 | K281: =O281 -> 36.477004 | L281: =P281 -> 36.477004 | M281: =B281*M280/B280 -> 10.665789 | N281: =B281*N280/B280 -> 117.32368 | O281: =P281 -> 36.477004 | P281: 36.477004 | Q281: =R281 -> 8.5294118 | R281: =R282*B282/B283 -> 8.5294118 | S281: 17.370002 | T281: 17.370002
A282: 28 | B282: 40.6 | C282: =B282*C281/B281 -> 76.926316 | D282: 140 | E282: 140 | F282: =D282 -> 140 | G282: 140 | H282: 140 | I282: =G282 -> 140 | J282: =D282*J281/D281 -> 33.9745 | K282: =O282 -> 36.540004 | L282: =P282 -> 36.540004 | M282: =B282*M281/B281 -> 10.684211 | N282: =B282*N281/B281 -> 117.52632 | O282: =P282 -> 36.540004 | P282: 36.540004 | Q282: =R282 -> 8.5441176 | R282: =R283*B283/B284 -> 8.5441176 | S282: 17.400002 | T282: 17.400002
A283: 28.1 | B283: 40.67 | C283: =B283*C282/B282 -> 77.058947 | D283: 140 | E283: 140 | F283: =D283 -> 140 | G283: 140 | H283: 140 | I283: =G283 -> 140 | J283: =D283*J282/D282 -> 33.9745 | K283: =O283 -> 36.603004 | L283: =P283 -> 36.603004 | M283: =B283*M282/B282 -> 10.702632 | N283: =B283*N282/B282 -> 117.72895 | O283: =P283 -> 36.603004 | P283: 36.603004 | Q283: =R283 -> 8.5588235 | R283: =R284*B284/B285 -> 8.5588235 | S283: 17.430002 | T283: 17.430002
A284: 28.2 | B284: 40.74 | C284: =B284*C283/B283 -> 77.191579 | D284: 140 | E284: 140 | F284: =D284 -> 140 | G284: 140 | H284: 140 | I284: =G284 -> 140 | J284: =D284*J283/D283 -> 33.9745 | K284: =O284 -> 36.666004 | L284: =P284 -> 36.666004 | M284: =B284*M283/B283 -> 10.721053 | N284: =B284*N283/B283 -> 117.93158 | O284: =P284 -> 36.666004 | P284: 36.666004 | Q284: =R284 -> 8.5735294 | R284: =R285*B285/B286 -> 8.5735294 | S284: 17.460002 | T284: 17.460002
... A301: 29.9 | B301: 41.93 | C301: =B301*C300/B300 -> 79.446316 | D301: 140 | E301: 140 | F301: =D301 -> 140 | G301: 140 | H301: 140 | I301: =G301 -> 140 | J301: =D301*J300/D300 -> 33.9745 | K301: =O301 -> 37.737005 | L301: =P301 -> 37.737005 | M301: =B301*M300/B300 -> 11.034211 | N301: =B301*N300/B300 -> 121.37632 | O301: =P301 -> 37.737005 | P301: 37.737005 | Q301: =R301 -> 7.9831933 | R301: =R302*B302/B303 -> 7.9831933 | S301: 17.970002 | T301: 17.970002
A302: 30 | B302: =42/42*FC!B4 -> 38 | C302: =B302*C301/B301 -> 72 | D302: 140 | E302: 140 | F302: =D302 -> 140 | G302: 140 | H302: 140 | I302: =G302 -> 140 | J302: =D302*J301/D301 -> 33.9745 | K302: =O302 -> 37.8 | L302: =P302 -> 37.8 | M302: =B302*M301/B301 -> 10 | N302: =B302*N301/B301 -> 110 | O302: =P302 -> 37.8 | P302: 37.8 | Q302: =R302 -> 8.8382353 | R302: =R303*B303/B304 -> 8.8382353 | S302: 18 | T302: 18
A303: 30.1 | B303: 42.07 | C303: =B303*C302/B302 -> 79.711579 | D303: 140 | E303: 140 | F303: =D303 -> 140 | G303: 140 | H303: 140 | I303: =G303 -> 140 | J303: =D303*J302/D302 -> 33.9745 | K303: =O303 -> 37.863 | L303: =P303 -> 37.863 | M303: =B303*M302/B302 -> 11.071053 | N303: =B303*N302/B302 -> 121.78158 | O303: =P303 -> 37.863 | P303: 37.863 | Q303: =R303 -> 8.8529412 | R303: =R304*B304/B305 -> 8.8529412 | S303: 18.03 | T303: 18.03
A304: 30.2 | B304: 42.14 | C304: =B304*C303/B303 -> 79.844211 | D304: 140 | E304: 140 | F304: =D304 -> 140 | G304: 140 | H304: 140 | I304: =G304 -> 140 | J304: =D304*J303/D303 -> 33.9745 | K304: =O304 -> 37.926 | L304: =P304 -> 37.926 | M304: =B304*M303/B303 -> 11.089474 | N304: =B304*N303/B303 -> 121.98421 | O304: =P304 -> 37.926 | P304: 37.926 | Q304: =R304 -> 8.8676471 | R304: =R305*B305/B306 -> 8.8676471 | S304: 18.06 | T304: 18.06
A305: 30.3 | B305: 42.21 | C305: =B305*C304/B304 -> 79.976842 | D305: 140 | E305: 140 | F305: =D305 -> 140 | G305: 140 | H305: 140 | I305: =G305 -> 140 | J305: =D305*J304/D304 -> 33.9745 | K305: =O305 -> 37.989 | L305: =P305 -> 37.989 | M305: =B305*M304/B304 -> 11.107895 | N305: =B305*N304/B304 -> 122.18684 | O305: =P305 -> 37.989 | P305: 37.989 | Q305: =R305 -> 8.8823529 | R305: =R306*B306/B307 -> 8.8823529 | S305: 18.09 | T305: 18.09
A306: 30.4 | B306: 42.28 | C306: =B306*C305/B305 -> 80.109474 | D306: 140 | E306: 140 | F306: =D306 -> 140 | G306: 140 | H306: 140 | I306: =G306 -> 140 | J306: =D306*J305/D305 -> 33.9745 | K306: =O306 -> 38.052 | L306: =P306 -> 38.052 | M306: =B306*M305/B305 -> 11.126316 | N306: =B306*N305/B305 -> 122.38947 | O306: =P306 -> 38.052 | P306: 38.052 | Q306: =R306 -> 8.8970588 | R306: =R307*B307/B308 -> 8.8970588 | S306: 18.12 | T306: 18.12
A307: 30.5 | B307: 42.35 | C307: =B307*C306/B306 -> 80.242105 | D307: 140 | E307: 140 | F307: =D307 -> 140 | G307: 140 | H307: 140 | I307: =G307 -> 140 | J307: =D307*J306/D306 -> 33.9745 | K307: =O307 -> 38.115 | L307: =P307 -> 38.115 | M307: =B307*M306/B306 -> 11.144737 | N307: =B307*N306/B306 -> 122.59211 | O307: =P307 -> 38.115 | P307: 38.115 | Q307: =R307 -> 8.9117647 | R307: =R308*B308/B309 -> 8.9117647 | S307: 18.15 | T307: 18.15
A308: 30.6 | B308: 42.42 | C308: =B308*C307/B307 -> 80.374737 | D308: 140 | E308: 140 | F308: =D308 -> 140 | G308: 140 | H308: 140 | I308: =G308 -> 140 | J308: =D308*J307/D307 -> 33.9745 | K308: =O308 -> 38.178 | L308: =P308 -> 38.178 | M308: =B308*M307/B307 -> 11.163158 | N308: =B308*N307/B307 -> 122.79474 | O308: =P308 -> 38.178 | P308: 38.178 | Q308: =R308 -> 8.9264706 | R308: =R309*B309/B310 -> 8.9264706 | S308: 18.18 | T308: 18.18
A309: 30.7 | B309: 42.49 | C309: =B309*C308/B308 -> 80.507368 | D309: 140 | E309: 140 | F309: =D309 -> 140 | G309: 140 | H309: 140 | I309: =G309 -> 140 | J309: =D309*J308/D308 -> 33.9745 | K309: =O309 -> 38.241 | L309: =P309 -> 38.241 | M309: =B309*M308/B308 -> 11.181579 | N309: =B309*N308/B308 -> 122.99737 | O309: =P309 -> 38.241 | P309: 38.241 | Q309: =R309 -> 8.9411765 | R309: =R310*B310/B311 -> 8.9411765 | S309: 18.21 | T309: 18.21
A310: 30.8 | B310: 42.56 | C310: =B310*C309/B309 -> 80.64 | D310: 140 | E310: 140 | F310: =D310 -> 140 | G310: 140 | H310: 140 | I310: =G310 -> 140 | J310: =D310*J309/D309 -> 33.9745 | K310: =O310 -> 38.304 | L310: =P310 -> 38.304 | M310: =B310*M309/B309 -> 11.2 | N310: =B310*N309/B309 -> 123.2 | O310: =P310 -> 38.304 | P310: 38.304 | Q310: =R310 -> 8.9558824 | R310: =R311*B311/B312 -> 8.9558824 | S310: 18.24 | T310: 18.24
A311: 30.9 | B311: 42.63 | C311: =B311*C310/B310 -> 80.772632 | D311: 140 | E311: 140 | F311: =D311 -> 140 | G311: 140 | H311: 140 | I311: =G311 -> 140 | J311: =D311*J310/D310 -> 33.9745 | K311: =O311 -> 38.367 | L311: =P311 -> 38.367 | M311: =B311*M310/B310 -> 11.218421 | N311: =B311*N310/B310 -> 123.40263 | O311: =P311 -> 38.367 | P311: 38.367 | Q311: =R311 -> 8.9705882 | R311: =R312*B312/B313 -> 8.9705882 | S311: 18.27 | T311: 18.27
...

Sheet maxcargo1
B1: DICE | C1: NGICE | D1: BEVF282 | E1: BEVF423 | F1: BEVE282 | G1: BEVF729 | H1: BEVE512 | I1: BEVU729 | J1: PHEV | K1: EDPHEV | L1: ELPHEV | M1: FCEV | N1: MICE | O1: EDICE | P1: ELICE | Q1: H2ICE35 | R1: H2ICE70 | S1: NH3ICE | T1: HNICE
B2: =totalmass!B2-cubeweight!B2 -> 40.195 | C2: =totalmass!C2-cubeweight!C2 -> 39.6 | D2: =totalmass!D2-cubeweight!D2 -> 38.1 | E2: =totalmass!E2-cubeweight!E2 -> 37.344 | F2: =totalmass!F2-cubeweight!F2 -> 36.84 | G2: =totalmass!G2-cubeweight!G2 -> 36.112 | H2: =totalmass!H2-cubeweight!H2 -> 37.344 | I2: =totalmass!J2-cubeweight!J2 -> 35.16 | J2: =totalmass!K2-cubeweight!K2 -> 38.9 | K2: =J2 -> 38.9 | L2: =K2 -> 38.9 | M2: =totalmass!N2-cubeweight!N2 -> 37.34 | N2: =totalmass!O2-cubeweight!O2 -> 39.5 | O2: 31.195 | P2: =totalmass!Q2-cubeweight!Q2 -> 40.195 | Q2: =totalmass!R2-cubeweight!R2 -> 40.195 | R2: =totalmass!S2-cubeweight!S2 -> 38.88 | S2: =totalmass!T2-cubeweight!T2 -> 40.195 | T2: =totalmass!U2-cubeweight!U2 -> 40.195

Sheet findingtime1
B1: 黑龙江 | C1: 吉林 | D1: 辽宁 | E1: 北京 | F1: 天津 | G1: 河北 | H1: 山西 | I1: 内蒙古 | J1: 新疆 | K1: 甘肃 | L1: 陕西 | M1: 宁夏 | N1: 青海 | O1: 河南 | P1: 湖北 | Q1: 湖南 | R1: 上海 | S1: 江苏 | T1: 浙江 | U1: 山东 | V1: 安徽 | W1: 福建 | X1: 江西 | Y1: 四川 | Z1: 云南 | AA1: 重庆 | AB1: 贵州 | AC1: 西藏 | AD1: 广西 | AE1: 广东 | AF1: 海南
A2: DICE | B2: 0.1 | C2: 0.1 | D2: 0.1 | E2: 0.1 | F2: 0.1 | G2: 0.1 | H2: 0.1 | I2: 0.1 | J2: 0.1 | K2: 0.1 | L2: 0.1 | M2: 0.1 | N2: 0.1 | O2: 0.1 | P2: 0.1 | Q2: 0.1 | R2: 0.1 | S2: 0.1 | T2: 0.1 | U2: 0.1 | V2: 0.1 | W2: 0.1 | X2: 0.1 | Y2: 0.1 | Z2: 0.1 | AA2: 0.1 | AB2: 0.1 | AC2: 0.1 | AD2: 0.1 | AE2: 0.1 | AF2: 0.1
A3: NGICE | B3: 0.5 | C3: 0.5 | D3: 0.5 | E3: 0.5 | F3: 0.5 | G3: 0.5 | H3: 0.5 | I3: 0.5 | J3: 0.5 | K3: 0.5 | L3: 0.5 | M3: 0.5 | N3: 0.5 | O3: 0.5 | P3: 0.5 | Q3: 0.5 | R3: 0.5 | S3: 0.5 | T3: 0.5 | U3: 0.5 | V3: 0.5 | W3: 0.5 | X3: 0.5 | Y3: 0.5 | Z3: 0.5 | AA3: 0.5 | AB3: 0.5 | AC3: 0.5 | AD3: 0.5 | AE3: 0.5 | AF3: 0.5
A4: BEVF282 | B4: 0.5 | C4: 0.5 | D4: 0.5 | E4: 0.5 | F4: 0.5 | G4: 0.5 | H4: 0.5 | I4: 0.5 | J4: 0.5 | K4: 0.5 | L4: 0.5 | M4: 0.5 | N4: 0.5 | O4: 0.5 | P4: 0.5 | Q4: 0.5 | R4: 0.5 | S4: 0.5 | T4: 0.5 | U4: 0.5 | V4: 0.5 | W4: 0.5 | X4: 0.5 | Y4: 0.5 | Z4: 0.5 | AA4: 0.5 | AB4: 0.5 | AC4: 0.5 | AD4: 0.5 | AE4: 0.5 | AF4: 0.5
A5: BEVF423 | B5: 0.5 | C5: 0.5 | D5: 0.5 | E5: 0.5 | F5: 0.5 | G5: 0.5 | H5: 0.5 | I5: 0.5 | J5: 0.5 | K5: 0.5 | L5: 0.5 | M5: 0.5 | N5: 0.5 | O5: 0.5 | P5: 0.5 | Q5: 0.5 | R5: 0.5 | S5: 0.5 | T5: 0.5 | U5: 0.5 | V5: 0.5 | W5: 0.5 | X5: 0.5 | Y5: 0.5 | Z5: 0.5 | AA5: 0.5 | AB5: 0.5 | AC5: 0.5 | AD5: 0.5 | AE5: 0.5 | AF5: 0.5
A6: BEVE282 | B6: 0 | C6: 0 | D6: 0 | E6: 0 | F6: 0 | G6: 0 | H6: 0 | I6: 0 | J6: 0 | K6: 0 | L6: 0 | M6: 0 | N6: 0 | O6: 0 | P6: 0 | Q6: 0 | R6: 0 | S6: 0 | T6: 0 | U6: 0 | V6: 0 | W6: 0 | X6: 0 | Y6: 0 | Z6: 0 | AA6: 0 | AB6: 0 | AC6: 0 | AD6: 0 | AE6: 0 | AF6: 0
A7: BEVF729 | B7: 0.5 | C7: 0.5 | D7: 0.5 | E7: 0.5 | F7: 0.5 | G7: 0.5 | H7: 0.5 | I7: 0.5 | J7: 0.5 | K7: 0.5 | L7: 0.5 | M7: 0.5 | N7: 0.5 | O7: 0.5 | P7: 0.5 | Q7: 0.5 | R7: 0.5 | S7: 0.5 | T7: 0.5 | U7: 0.5 | V7: 0.5 | W7: 0.5 | X7: 0.5 | Y7: 0.5 | Z7: 0.5 | AA7: 0.5 | AB7: 0.5 | AC7: 0.5 | AD7: 0.5 | AE7: 0.5 | AF7: 0.5
A8: BEVE512 | B8: 0 | C8: 0 | D8: 0 | E8: 0 | F8: 0 | G8: 0 | H8: 0 | I8: 0 | J8: 0 | K8: 0 | L8: 0 | M8: 0 | N8: 0 | O8: 0 | P8: 0 | Q8: 0 | R8: 0 | S8: 0 | T8: 0 | U8: 0 | V8: 0 | W8: 0 | X8: 0 | Y8: 0 | Z8: 0 | AA8: 0 | AB8: 0 | AC8: 0 | AD8: 0 | AE8: 0 | AF8: 0
A9: BEVU729 | B9: 0.5 | C9: 0.5 | D9: 0.5 | E9: 0.5 | F9: 0.5 | G9: 0.5 | H9: 0.5 | I9: 0.5 | J9: 0.5 | K9: 0.5 | L9: 0.5 | M9: 0.5 | N9: 0.5 | O9: 0.5 | P9: 0.5 | Q9: 0.5 | R9: 0.5 | S9: 0.5 | T9: 0.5 | U9: 0.5 | V9: 0.5 | W9: 0.5 | X9: 0.5 | Y9: 0.5 | Z9: 0.5 | AA9: 0.5 | AB9: 0.5 | AC9: 0.5 | AD9: 0.5 | AE9: 0.5 | AF9: 0.5
A10: PHEV | B10: 0.3 | C10: 0.3 | D10: 0.3 | E10: 0.3 | F10: 0.3 | G10: 0.3 | H10: 0.3 | I10: 0.3 | J10: 0.3 | K10: 0.3 | L10: 0.3 | M10: 0.3 | N10: 0.3 | O10: 0.3 | P10: 0.3 | Q10: 0.3 | R10: 0.3 | S10: 0.3 | T10: 0.3 | U10: 0.3 | V10: 0.3 | W10: 0.3 | X10: 0.3 | Y10: 0.3 | Z10: 0.3 | AA10: 0.3 | AB10: 0.3 | AC10: 0.3 | AD10: 0.3 | AE10: 0.3 | AF10: 0.3
A11: EDPHEV | B11: =B16 -> 0.1 | C11: =C16 -> 0.1 | D11: =D16 -> 0.1 | E11: =E16 -> 0.1 | F11: =F16 -> 0.1 | G11: =G16 -> 0.1 | H11: =H16 -> 0.1 | I11: =I16 -> 0.1 | ... AF11: =AF16 -> 0.1
A12: ELPHEV | B12: =B17 -> 0.5 | C12: =C17 -> 0.5 | D12: =D17 -> 0.5 | E12: =E17 -> 0.5 | F12: =F17 -> 0.5 | G12: =G17 -> 0.5 | H12: =H17 -> 0.5 | I12: =I17 -> 0.5 | ... AF12: =AF17 -> 0.5
A13: FCPHEV | B13: 0.8 | C13: 0.8 | D13: 0.8 | E13: 0.8 | F13: 0.8 | G13: 0.8 | H13: 0.8 | I13: 0.8 | J13: 0.8 | K13: 0.8 | L13: 0.8 | M13: 0.8 | N13: 0.8 | O13: 0.8 | P13: 0.8 | Q13: 0.8 | R13: 0.8 | S13: 0.8 | T13: 0.8 | U13: 0.8 | V13: 0.8 | W13: 0.8 | X13: 0.8 | Y13: 0.8 | Z13: 0.8 | AA13: 0.8 | AB13: 0.8 | AC13: 0.8 | AD13: 0.8 | AE13: 0.8 | AF13: 0.8
A14: FCEV | B14: 0.8 | C14: 0.8 | D14: 0.8 | E14: 0.8 | F14: 0.8 | G14: 0.8 | H14: 0.8 | I14: 0.8 | J14: 0.8 | K14: 0.8 | L14: 0.8 | M14: 0.8 | N14: 0.8 | O14: 0.8 | P14: 0.8 | Q14: 0.8 | R14: 0.8 | S14: 0.8 | T14: 0.8 | U14: 0.8 | V14: 0.8 | W14: 0.8 | X14: 0.8 | Y14: 0.8 | Z14: 0.8 | AA14: 0.8 | AB14: 0.8 | AC14: 0.8 | AD14: 0.8 | AE14: 0.8 | AF14: 0.8
A15: MICE | B15: 1 | C15: 1 | D15: 1 | E15: 1 | F15: 1 | G15: 1 | H15: 1 | I15: 1 | J15: 1 | K15: 1 | L15: 1 | M15: 1 | N15: 1 | O15: 1 | P15: 1 | Q15: 1 | R15: 1 | S15: 1 | T15: 1 | U15: 1 | V15: 1 | W15: 1 | X15: 1 | Y15: 1 | Z15: 1 | AA15: 1 | AB15: 1 | AC15: 1 | AD15: 1 | AE15: 1 | AF15: 1
A16: EDICE | B16: =B2 -> 0.1 | C16: =C2 -> 0.1 | D16: =D2 -> 0.1 | E16: =E2 -> 0.1 | F16: =F2 -> 0.1 | G16: =G2 -> 0.1 | H16: =H2 -> 0.1 | I16: =I2 -> 0.1 | ... AF16: =AF2 -> 0.1
A17: ELICE | B17: =B3 -> 0.5 | C17: =C3 -> 0.5 | D17: =D3 -> 0.5 | E17: =E3 -> 0.5 | F17: =F3 -> 0.5 | G17: =G3 -> 0.5 | H17: =H3 -> 0.5 | I17: =I3 -> 0.5 | ... AF17: =AF3 -> 0.5
A18: H2ICE35 | B18: =B14 -> 0.8 | C18: =C14 -> 0.8 | D18: =D14 -> 0.8 | E18: =E14 -> 0.8 | F18: =F14 -> 0.8 | G18: =G14 -> 0.8 | H18: =H14 -> 0.8 | I18: =I14 -> 0.8 | ... AF18: =AF14 -> 0.8
A19: H2ICE70 | B19: =B14 -> 0.8 | C19: =C14 -> 0.8 | D19: =D14 -> 0.8 | E19: =E14 -> 0.8 | F19: =F14 -> 0.8 | G19: =G14 -> 0.8 | H19: =H14 -> 0.8 | I19: =I14 -> 0.8 | ... AF19: =AF14 -> 0.8
A20: NH3ICE | B20: 0.8 | C20: 0.8 | D20: 0.8 | E20: 0.8 | F20: 0.8 | G20: 0.8 | H20: 0.8 | I20: 0.8 | J20: 0.8 | K20: 0.8 | L20: 0.8 | M20: 0.8 | N20: 0.8 | O20: 0.8 | P20: 0.8 | Q20: 0.8 | R20: 0.8 | S20: 0.8 | T20: 0.8 | U20: 0.8 | V20: 0.8 | W20: 0.8 | X20: 0.8 | Y20: 0.8 | Z20: 0.8 | AA20: 0.8 | AB20: 0.8 | AC20: 0.8 | AD20: 0.8 | AE20: 0.8 | AF20: 0.8
A21: HNICE | B21: 0.8 | C21: 0.8 | D21: 0.8 | E21: 0.8 | F21: 0.8 | G21: 0.8 | H21: 0.8 | I21: 0.8 | J21: 0.8 | K21: 0.8 | L21: 0.8 | M21: 0.8 | N21: 0.8 | O21: 0.8 | P21: 0.8 | Q21: 0.8 | R21: 0.8 | S21: 0.8 | T21: 0.8 | U21: 0.8 | V21: 0.8 | W21: 0.8 | X21: 0.8 | Y21: 0.8 | Z21: 0.8 | AA21: 0.8 | AB21: 0.8 | AC21: 0.8 | AD21: 0.8 | AE21: 0.8 | AF21: 0.8

Sheet yearMSRP
B1: DICE | C1: NGICE | D1: BEVF282 | E1: BEVF510 | F1: BEVF600 | G1: BEVF730 | H1: BEVE510 | I1: BEVF800 | J1: BEVF900 | K1: PHEV | L1: EDPHEV | M1: ELPHEV | N1: FCEV | O1: MICE | P1: EDICE | Q1: ELICE | R1: H2ICE35 | S1: H2ICE70 | T1: NH3ICE | U1: HNICE | W1: DICE | X1: NGICE | Y1: BEVF282 | Z1: BEVF423 | AA1: BEVE282 | AB1: BEVF729 | AC1: BEVE512 | AD1: BEVU729 | AE1: PHEV | AF1: FCPHEV | AG1: FCEV | AH1: MICE | AI1: BICE | AJ1: H2ICE35 | AK1: H2ICE70 | AL1: NH3ICE | AM1: HNICE
A2: 2018 | B2: 1.14 | C2: 1.07 | D2: 1 | E2: 1 | F2: =E2 -> 1 | G2: 1 | H2: 1.04 | I2: =E2 -> 1 | J2: 1 | K2: =0.4*D2+0.6*B2 -> 1.084 | L2: =B2*2 -> 2.28 | M2: =C2*2 -> 2.14 | N2: 1 | O2: 1.5 | P2: =B2 -> 1.14 | Q2: =C2 -> 1.07 | R2: 1.14 | S2: 1.35 | T2: 1.14 | U2: 1.14 | W2: =B2*MSRP1!B4 -> 433200 | X2: =C2*MSRP1!C4 -> 536391 | Y2: =D2*MSRP1!D4 -> 789000 | Z2: =E2*MSRP1!E4 -> 989000 | AA2: =F2*MSRP1!F4 -> 507000 | AB2: =G2*MSRP1!G4 -> 1371000 | AC2: =H2*MSRP1!H4 -> 527280 | AD2: =J2*MSRP1!I4 -> 1371000 | AE2: =K2*MSRP1!J4 -> 692676 | AF2: =M2*MSRP1!L4 -> 1367460 | AG2: =N2*MSRP1!M4 -> 1200000 | AH2: =O2*MSRP1!N4 -> 675000 | AI2: =Q2*MSRP1!P4 -> 643669.2 | AJ2: =R2*MSRP1!Q4 -> 661200 | AK2: =S2*MSRP1!R4 -> 974527.2 | AL2: =T2*MSRP1!S4 -> 793440 | AM2: =U2*MSRP1!T4 -> 987520.9
A3: 2019 | B3: 1.12 | C3: 1.06 | D3: 1 | E3: 1 | F3: =E3 -> 1 | G3: 1 | H3: 1.02 | I3: =E3 -> 1 | J3: 1 | K3: =0.4*D3+0.6*B3 -> 1.072 | L3: 2.2 | M3: 2.1 | N3: 1 | O3: 1.43 | P3: =B3 -> 1.12 | Q3: =C3 -> 1.06 | R3: 1.12 | S3: 1.3 | T3: 1.12 | U3: 1.12
A4: 2020 | B4: 1.1 | C4: 1.05 | D4: 1 | E4: 1 | F4: =E4 -> 1 | G4: 1 | H4: 1 | I4: =E4 -> 1 | J4: 1 | K4: =0.4*D4+0.6*B4 -> 1.06 | L4: 2.1285714 | M4: 2.0333333 | N4: 1 | O4: 1.36 | P4: =B4 -> 1.1 | Q4: =C4 -> 1.05 | R4: 1.1 | S4: 1.25 | T4: 1.1 | U4: 1.1
A5: 2021 | B5: 1.08 | C5: 1.04 | D5: 0.98 | E5: 0.98 | F5: =E5 -> 0.98 | G5: 0.98 | H5: 0.98 | I5: =E5 -> 0.98 | J5: 0.98 | K5: =0.4*D5+0.6*B5 -> 1.04 | L5: 2.0571429 | M5: 1.9666667 | N5: =D5 -> 0.98 | O5: 1.29 | P5: =B5 -> 1.08 | Q5: =C5 -> 1.04 | R5: 1.08 | S5: 1.2 | T5: 1.08 | U5: 1.08
A6: 2022 | B6: 1.06 | C6: 1.03 | D6: 0.96 | E6: 0.96 | F6: =E6 -> 0.96 | G6: 0.96 | H6: 0.978 | I6: =E6 -> 0.96 | J6: 0.96 | K6: =0.4*D6+0.6*B6 -> 1.02 | L6: 1.9857143 | M6: 1.9 | N6: =D6 -> 0.96 | O6: 1.22 | P6: =B6 -> 1.06 | Q6: =C6 -> 1.03 | R6: 1.06 | S6: 1.15 | T6: 1.06 | U6: 1.06
A7: 2023 | B7: 1.04 | C7: 1.02 | D7: 0.94 | E7: 0.94 | F7: =E7 -> 0.94 | G7: 0.94 | H7: 0.976 | I7: =E7 -> 0.94 | J7: 0.94 | K7: =0.4*D7+0.6*B7 -> 1 | L7: 1.9142857 | M7: 1.8333333 | N7: =D7 -> 0.94 | O7: 1.15 | P7: =B7 -> 1.04 | Q7: =C7 -> 1.02 | R7: 1.04 | S7: 1.1 | T7: 1.04 | U7: 1.04
A8: 2024 | B8: 1.02 | C8: 1.01 | D8: 0.92 | E8: 0.92 | F8: =E8 -> 0.92 | G8: 0.92 | H8: 0.974 | I8: =E8 -> 0.92 | J8: 0.92 | K8: =0.4*D8+0.6*B8 -> 0.98 | L8: 1.8428571 | M8: 1.7666667 | N8: =D8 -> 0.92 | O8: 1.08 | P8: =B8 -> 1.02 | Q8: =C8 -> 1.01 | R8: 1.02 | S8: 1.05 | T8: 1.02 | U8: 1.02
A9: 2025 | B9: 1 | C9: 1 | D9: 0.9 | E9: 0.9 | F9: =E9 -> 0.9 | G9: 0.9 | H9: 0.972 | I9: =E9 -> 0.9 | J9: 0.9 | K9: =0.4*D9+0.6*B9 -> 0.96 | L9: 1.7714286 | M9: 1.7 | N9: =D9 -> 0.9 | O9: 1.01 | P9: =B9 -> 1 | Q9: =C9 -> 1 | R9: 1 | S9: 1 | T9: 1 | U9: 1 | W9: =MSRP1!B4 -> 380000 | X9: =MSRP1!C4 -> 501300 | Y9: =MSRP1!D4 -> 789000 | Z9: =MSRP1!E4 -> 989000 | AA9: =MSRP1!F4 -> 507000 | AB9: =MSRP1!G4 -> 1371000 | AC9: =MSRP1!H4 -> 507000 | AD9: =MSRP1!I4 -> 1371000 | AE9: =MSRP1!J4 -> 639000 | AF9: =MSRP1!L4 -> 639000 | AG9: =MSRP1!M4 -> 1200000 | AH9: =MSRP1!N4 -> 450000 | AI9: =MSRP1!P4 -> 601560 | AJ9: =MSRP1!Q4 -> 580000 | AK9: =MSRP1!R4 -> 721872 | AL9: =MSRP1!S4 -> 696000 | AM9: =MSRP1!T4 -> 866246.4
A10: 2026 | B10: 1 | C10: 1 | D10: 0.88 | E10: 0.88 | F10: =E10 -> 0.88 | G10: 0.88 | H10: 0.97 | I10: =E10 -> 0.88 | J10: 0.88 | K10: =0.4*D10+0.6*B10 -> 0.952 | L10: 1.7 | M10: 1.6333333 | N10: =D10 -> 0.88 | O10: 0.989 | P10: =B10 -> 1 | Q10: =C10 -> 1 | R10: 0.99 | S10: 0.98 | T10: 0.99 | U10: 0.99
A11: 2027 | B11: 1 | C11: 1 | D11: 0.86 | E11: 0.86 | F11: =E11 -> 0.86 | G11: 0.86 | H11: 0.968 | I11: =E11 -> 0.86 | J11: 0.86 | K11: =0.4*D11+0.6*B11 -> 0.944 | L11: 1.6285714 | M11: 1.5666667 | N11: =D11 -> 0.86 | O11: 0.968 | P11: =B11 -> 1 | Q11: =C11 -> 1 | R11: 0.98 | S11: 0.96 | T11: 0.98 | U11: 0.98
A12: 2028 | B12: 1 | C12: 1 | D12: 0.84 | E12: 0.84 | F12: =E12 -> 0.84 | G12: 0.84 | H12: 0.966 | I12: =E12 -> 0.84 | J12: 0.84 | K12: =0.4*D12+0.6*B12 -> 0.936 | L12: 1.5571429 | M12: 1.5 | N12: =D12 -> 0.84 | O12: 0.947 | P12: =B12 -> 1 | Q12: =C12 -> 1 | R12: 0.97 | S12: 0.94 | T12: 0.97 | U12: 0.97
A13: 2029 | B13: 1 | C13: 1 | D13: 0.82 | E13: 0.82 | F13: =E13 -> 0.82 | G13: 0.82 | H13: 0.964 | I13: =E13 -> 0.82 | J13: 0.82 | K13: =0.4*D13+0.6*B13 -> 0.928 | L13: 1.4857143 | M13: 1.4333333 | N13: =D13 -> 0.82 | O13: 0.926 | P13: =B13 -> 1 | Q13: =C13 -> 1 | R13: 0.96 | S13: 0.92 | T13: 0.96 | U13: 0.96
A14: 2030 | B14: 1 | C14: 1 | D14: 0.8 | E14: 0.8 | F14: =E14 -> 0.8 | G14: 0.8 | H14: 0.962 | I14: =E14 -> 0.8 | J14: 0.8 | K14: =0.4*D14+0.6*B14 -> 0.92 | L14: 1.4142857 | M14: 1.3666667 | N14: =D14 -> 0.8 | O14: 0.905 | P14: =B14 -> 1 | Q14: =C14 -> 1 | R14: 0.95 | S14: 0.9 | T14: 0.95 | U14: 0.95
A15: 2031 | B15: 1 | C15: 1 | D15: 0.795 | E15: 0.8 | F15: =E15 -> 0.8 | G15: 0.8 | H15: 0.96 | I15: =E15 -> 0.8 | J15: 0.8 | K15: =0.4*D15+0.6*B15 -> 0.918 | L15: 1.3428571 | M15: 1.3 | N15: =D15 -> 0.795 | O15: 0.884 | P15: =B15 -> 1 | Q15: =C15 -> 1 | R15: 0.94 | S15: 0.88 | T15: 0.94 | U15: 0.94
A16: 2032 | B16: 1 | C16: 1 | D16: 0.79 | E16: 0.8 | F16: =E16 -> 0.8 | G16: 0.8 | H16: 0.96 | I16: =E16 -> 0.8 | J16: 0.8 | K16: =0.4*D16+0.6*B16 -> 0.916 | L16: 1.2714286 | M16: 1.2333333 | N16: =D16 -> 0.79 | O16: 0.863 | P16: =B16 -> 1 | Q16: =C16 -> 1 | R16: 0.93 | S16: 0.86 | T16: 0.93 | U16: 0.93
A17: 2033 | B17: 1 | C17: 1 | D17: 0.785 | E17: 0.8 | F17: =E17 -> 0.8 | G17: 0.8 | H17: 0.96 | I17: =E17 -> 0.8 | J17: 0.8 | K17: =0.4*D17+0.6*B17 -> 0.914 | L17: 1.2 | M17: 1.1666667 | N17: =D17 -> 0.785 | O17: 0.842 | P17: =B17 -> 1 | Q17: =C17 -> 1 | R17: 0.92 | S17: 0.84 | T17: 0.92 | U17: 0.92
A18: 2034 | B18: 1 | C18: 1 | D18: 0.78 | E18: 0.8 | F18: =E18 -> 0.8 | G18: 0.8 | H18: 0.96 | I18: =E18 -> 0.8 | J18: 0.8 | K18: =0.4*D18+0.6*B18 -> 0.912 | L18: 1.1285714 | M18: 1.1 | N18: =D18 -> 0.78 | O18: 0.821 | P18: =B18 -> 1 | Q18: =C18 -> 1 | R18: 0.91 | S18: 0.82 | T18: 0.91 | U18: 0.91
A19: 2035 | B19: 1 | C19: 1 | D19: 0.775 | E19: 0.8 | F19: =E19 -> 0.8 | G19: 0.8 | H19: 0.96 | I19: =E19 -> 0.8 | J19: 0.8 | K19: =0.4*D19+0.6*B19 -> 0.91 | L19: 1.0571429 | M19: 1.0333333 | N19: =D19 -> 0.775 | O19: 0.8 | P19: =B19 -> 1 | Q19: =C19 -> 1 | R19: 0.9 | S19: 0.8 | T19: 0.9 | U19: 0.9 | W19: =B19*MSRP1!B4 -> 380000 | X19: =C19*MSRP1!C4 -> 501300 | Y19: =D19*MSRP1!D4 -> 611475 | Z19: =E19*MSRP1!E4 -> 791200 | AA19: =F19*MSRP1!F4 -> 405600 | AB19: =G19*MSRP1!G4 -> 1096800 | AC19: =H19*MSRP1!H4 -> 486720 | AD19: =J19*MSRP1!I4 -> 1096800 | AE19: =K19*MSRP1!J4 -> 581490 | AF19: =M19*MSRP1!L4 -> 660300 | AG19: =N19*MSRP1!M4 -> 930000 | AH19: =O19*MSRP1!N4 -> 360000 | AI19: =Q19*MSRP1!P4 -> 601560 | AJ19: =R19*MSRP1!Q4 -> 522000 | AK19: =S19*MSRP1!R4 -> 577497.6 | AL19: =T19*MSRP1!S4 -> 626400 | AM19: =U19*MSRP1!T4 -> 779621.76
A20: 2036 | B20: 1 | C20: 1 | D20: 0.77 | E20: 0.8 | F20: =E20 -> 0.8 | G20: 0.8 | H20: 0.96 | I20: =E20 -> 0.8 | J20: 0.8 | K20: =0.4*D20+0.6*B20 -> 0.908 | L20: 0.98571429 | M20: 0.96666667 | N20: =D20 -> 0.77 | O20: 0.8 | P20: =B20 -> 1 | Q20: =C20 -> 1 | R20: 0.89 | S20: 0.77 | T20: 0.89 | U20: 0.89
A21: 2037 | B21: 1 | C21: 1 | D21: 0.765 | E21: 0.8 | F21: =E21 -> 0.8 | G21: 0.8 | H21: 0.96 | I21: =E21 -> 0.8 | J21: 0.8 | K21: =0.4*D21+0.6*B21 -> 0.906 | L21: 0.91428571 | M21: 0.9 | N21: =D21 -> 0.765 | O21: 0.8 | P21: =B21 -> 1 | Q21: =C21 -> 1 | R21: 0.88 | S21: 0.74 | T21: 0.88 | U21: 0.88
A22: 2038 | B22: 1 | C22: 1 | D22: 0.76 | E22: 0.8 | F22: =E22 -> 0.8 | G22: 0.8 | H22: 0.96 | I22: =E22 -> 0.8 | J22: 0.8 | K22: =0.4*D22+0.6*B22 -> 0.904 | L22: 0.84285714 | M22: 0.83333333 | N22: =D22 -> 0.76 | O22: 0.8 | P22: =B22 -> 1 | Q22: =C22 -> 1 | R22: 0.87 | S22: 0.71 | T22: 0.87 | U22: 0.87
A23: 2039 | B23: 1 | C23: 1 | D23: 0.755 | E23: 0.8 | F23: =E23 -> 0.8 | G23: 0.8 | H23: 0.96 | I23: =E23 -> 0.8 | J23: 0.8 | K23: =0.4*D23+0.6*B23 -> 0.902 | L23: 0.77142857 | M23: 0.76666667 | N23: =D23 -> 0.755 | O23: 0.8 | P23: =B23 -> 1 | Q23: =C23 -> 1 | R23: 0.86 | S23: 0.68 | T23: 0.86 | U23: 0.86
A24: 2040 | B24: 1 | C24: 1 | D24: 0.75 | E24: 0.8 | F24: =E24 -> 0.8 | G24: 0.8 | H24: 0.96 | I24: =E24 -> 0.8 | J24: 0.8 | K24: =0.4*D24+0.6*B24 -> 0.9 | L24: 0.7 | M24: 0.7 | N24: =D24 -> 0.75 | O24: 0.8 | P24: =B24 -> 1 | Q24: =C24 -> 1 | R24: 0.85 | S24: 0.65 | T24: 0.85 | U24: 0.85
A25: 2041 | B25: 1 | C25: 1 | D25: 0.75 | E25: 0.8 | F25: =E25 -> 0.8 | G25: 0.8 | H25: 0.96 | I25: =E25 -> 0.8 | J25: 0.8 | K25: =0.4*D25+0.6*B25 -> 0.9 | L25: 0.7 | M25: 0.7 | N25: =D25 -> 0.75 | O25: 0.8 | P25: =B25 -> 1 | Q25: =C25 -> 1 | R25: 0.84 | S25: 0.62 | T25: 0.84 | U25: 0.84
A26: 2042 | B26: 1 | C26: 1 | D26: 0.75 | E26: 0.8 | F26: =E26 -> 0.8 | G26: 0.8 | H26: 0.96 | I26: =E26 -> 0.8 | J26: 0.8 | K26: =0.4*D26+0.6*B26 -> 0.9 | L26: 0.7 | M26: 0.7 | N26: =D26 -> 0.75 | O26: 0.8 | P26: =B26 -> 1 | Q26: =C26 -> 1 | R26: 0.83 | S26: 0.59 | T26: 0.83 | U26: 0.83
A27: 2043 | B27: 1 | C27: 1 | D27: 0.75 | E27: 0.8 | F27: =E27 -> 0.8 | G27: 0.8 | H27: 0.96 | I27: =E27 -> 0.8 | J27: 0.8 | K27: =0.4*D27+0.6*B27 -> 0.9 | L27: 0.7 | M27: 0.7 | N27: =D27 -> 0.75 | O27: 0.8 | P27: =B27 -> 1 | Q27: =C27 -> 1 | R27: 0.82 | S27: 0.56 | T27: 0.82 | U27: 0.82
A28: 2044 | B28: 1 | C28: 1 | D28: 0.75 | E28: 0.8 | F28: =E28 -> 0.8 | G28: 0.8 | H28: 0.96 | I28: =E28 -> 0.8 | J28: 0.8 | K28: =0.4*D28+0.6*B28 -> 0.9 | L28: 0.7 | M28: 0.7 | N28: =D28 -> 0.75 | O28: 0.8 | P28: =B28 -> 1 | Q28: =C28 -> 1 | R28: 0.81 | S28: 0.53 | T28: 0.81 | U28: 0.81
A29: 2045 | B29: 1 | C29: 1 | D29: 0.75 | E29: 0.8 | F29: =E29 -> 0.8 | G29: 0.8 | H29: 0.96 | I29: =E29 -> 0.8 | J29: 0.8 | K29: =0.4*D29+0.6*B29 -> 0.9 | L29: 0.7 | M29: 0.7 | N29: =D29 -> 0.75 | O29: 0.8 | P29: =B29 -> 1 | Q29: =C29 -> 1 | R29: 0.8 | S29: 0.5 | T29: 0.8 | U29: 0.8
A30: 2046 | B30: 1 | C30: 1 | D30: 0.75 | E30: 0.8 | F30: =E30 -> 0.8 | G30: 0.8 | H30: 0.96 | I30: =E30 -> 0.8 | J30: 0.8 | K30: =0.4*D30+0.6*B30 -> 0.9 | L30: 0.7 | M30: 0.7 | N30: =D30 -> 0.75 | O30: 0.8 | P30: =B30 -> 1 | Q30: =C30 -> 1 | R30: 0.79 | S30: 0.5 | T30: 0.79 | U30: 0.79
A31: 2047 | B31: 1 | C31: 1 | D31: 0.75 | E31: 0.8 | F31: =E31 -> 0.8 | G31: 0.8 | H31: 0.96 | I31: =E31 -> 0.8 | J31: 0.8 | K31: =0.4*D31+0.6*B31 -> 0.9 | L31: 0.7 | M31: 0.7 | N31: =D31 -> 0.75 | O31: 0.8 | P31: =B31 -> 1 | Q31: =C31 -> 1 | R31: 0.78 | S31: 0.5 | T31: 0.78 | U31: 0.78
... A44: 2060 | B44: 1 | C44: 1 | D44: 0.75 | E44: 0.8 | F44: =E44 -> 0.8 | G44: 0.8 | H44: 0.96 | I44: =E44 -> 0.8 | J44: 0.8 | K44: =0.4*D44+0.6*B44 -> 0.9 | L44: 0.7 | M44: 0.7 | N44: =D44 -> 0.75 | O44: 0.8 | P44: =B44 -> 1 | Q44: =C44 -> 1 | R44: 0.65 | S44: 0.5 | T44: 0.65 | U44: 0.65

Sheet bodyprice
A1: 10000 | B1: DICE | C1: NGICE | D1: BEVF282 | E1: BEVF510 | F1: BEVF600 | G1: BEVF730 | H1: BEVE510 | I1: BEVF800 | J1: BEVF900 | K1: PHEV | L1: EDPHEV | M1: ELPHEV | N1: FCEV | O1: MICE | P1: EDICE | Q1: ELICE | R1: H2ICE35 | S1: H2ICE70 | T1: NH3ICE | U1: HNICE
A2: h_trailer_hwl | B2: 380000 | C2: 501300 | D2: 220000 | E2: 220000 | F2: 220000 | G2: 220000 | H2: =B2 -> 380000 | I2: 220000 | J2: 220000 | K2: 892500 | L2: =B2*1.5 -> 570000 | M2: =L2/B2*C2 -> 751950 | N2: 424500 | O2: 480000 | P2: =1.2*B2 -> 456000 | Q2: =1.2*C2 -> 601560 | R2: 580000 | S2: 844000 | T2: 696000 | U2: 748800
A3: h_trailer_hws | B3: 380000 | C3: 501300 | D3: 220000 | E3: 220000 | F3: 220000 | G3: 220000 | H3: =B3 -> 380000 | I3: 220000 | J3: 220000 | K3: 892500 | L3: =B3*1.5 -> 570000 | M3: =L3/B3*C3 -> 751950 | N3: 424500 | O3: 480000 | P3: =1.2*B3 -> 456000 | Q3: =1.2*C3 -> 601560 | R3: 580000 | S3: 844000 | T3: 696000 | U3: 748800
A4: h_trailer_hwm | B4: 380000 | C4: 501300 | D4: 220000 | E4: 220000 | F4: 220000 | G4: 220000 | H4: =B4 -> 380000 | I4: 220000 | J4: 220000 | K4: 892500 | L4: =B4*1.5 -> 570000 | M4: =L4/B4*C4 -> 751950 | N4: 424500 | O4: 480000 | P4: =1.2*B4 -> 456000 | Q4: =1.2*C4 -> 601560 | R4: 580000 | S4: 844000 | T4: 696000 | U4: 748800 | X4: 电动重卡持续降价，如何规避运营风险？
X5: 长城重卡入局混动赛道：用户共创能否颠覆重卡行业规则？

Sheet MSRP1
A1: 10000 | B1: DICE | C1: NGICE | D1: BEVF282 | E1: BEVF423 | F1: BEVE282 | G1: BEVF729 | H1: BEVE512 | I1: BEVU729 | J1: PHEV | K1: EDPHEV | L1: ELPHEV | M1: FCEV | N1: MICE | O1: EDICE | P1: ELICE | Q1: H2ICE35 | R1: H2ICE70 | S1: NH3ICE | T1: HNICE
A2: h_trailer_hwl | B2: 380000 | C2: 501300 | D2: =E2-1000*200 -> 789000 | E2: 989000 | F2: =D2-282*1000 -> 507000 | G2: =I2 -> 1371000 | H2: 507000 | I2: 1371000 | J2: =D2-150000 -> 639000 | K2: =J2 -> 639000 | L2: =K2 -> 639000 | M2: 1200000 | N2: 450000 | O2: =B2*1.2 -> 456000 | P2: =C2*1.2 -> 601560 | Q2: =B2+200000 -> 580000 | R2: =1.2*P2 -> 721872 | S2: =1.2*Q2 -> 696000 | T2: =1.2*R2 -> 866246.4
A3: h_trailer_hws | B3: 380000 | C3: 501300 | D3: =E3-1000*200 -> 789000 | E3: 989000 | F3: =D3-282*1000 -> 507000 | G3: =I3 -> 1371000 | H3: 507000 | I3: 1371000 | J3: =D3-150000 -> 639000 | K3: =J3 -> 639000 | L3: =K3 -> 639000 | M3: 1200000 | N3: 450000 | O3: =B3*1.2 -> 456000 | P3: =C3*1.2 -> 601560 | Q3: =B3+200000 -> 580000 | R3: =1.2*P3 -> 721872 | S3: =1.2*Q3 -> 696000 | T3: =1.2*R3 -> 866246.4
A4: h_trailer_hwm | B4: 380000 | C4: 501300 | D4: =E4-1000*200 -> 789000 | E4: 989000 | F4: =D4-282*1000 -> 507000 | G4: =I4 -> 1371000 | H4: 507000 | I4: 1371000 | J4: =D4-150000 -> 639000 | K4: =J4 -> 639000 | L4: =K4 -> 639000 | M4: 1200000 | N4: 450000 | O4: =B4*1.2 -> 456000 | P4: =C4*1.2 -> 601560 | Q4: =B4+200000 -> 580000 | R4: =1.2*P4 -> 721872 | S4: =1.2*Q4 -> 696000 | T4: =1.2*R4 -> 866246.4
B6: 380000 | C6: 501300 | D6: =D2-282*batteryprice!D2 -> 422400 | E6: =E2-423*batteryprice!E2 -> 439100 | F6: =795500-1300*282 -> 428900 | G6: =G2-729*batteryprice!G2 -> 423300 | H6: =H2 -> 507000 | I6: =I2-729*batteryprice!J2 -> 423300 | J6: =J2-105*batteryprice!K2 -> 502500 | M6: =M2-282*batteryprice!N2 -> 833400 | N6: 450000 | P6: 520000 | Q6: =B6+200000 -> 580000 | R6: =1.2*P6 -> 624000 | S6: =1.2*Q6 -> 696000 | T6: =1.2*R6 -> 748800
F10: 换电重卡行业深度梳理 (qq.com) | M10: 【行业概况】氢燃料电池行业简述 (qq.com)
D11: bev282 | E11: bev423 | F11: 370000 | H11: 460000
D12: =423-282 -> 141 | E12: =D12*1000 -> 141000 | F12: =B2 -> 380000 | H12: =F12*H11/F11 -> 472432.43
E13: bev512
D14: =512-282 -> 230 | E14: =D14*1000 -> 230000
E15: bev729
D16: =729-282 -> 447 | E16: =D16*1000 -> 447000
I20: 2025年成本暴降？解放JH6氢燃料电池车能否“乘风而行”？ (baidu.com)

Sheet risk_wtp
B1: DICE | C1: NGICE | D1: BEVF282 | E1: BEVF510 | F1: BEVF600 | G1: BEVF730 | H1: BEVE510 | I1: BEVF800 | J1: BEVF900 | K1: PHEV | L1: EDPHEV | M1: ELPHEV | N1: FCEV | O1: MICE | P1: EDICE | Q1: ELICE | R1: H2ICE35 | S1: H2ICE70 | T1: NH3ICE | U1: HNICE | W1: 电动汽车S | Z1: 甲醇汽车S
A2: 2018 | B2: 796400 | C2: 203400 | D2: 0 | E2: 500 | F2: =E2 -> 500 | G2: =E2 -> 500 | H2: =E2 -> 500 | I2: =E2 -> 500 | J2: =E2 -> 500 | K2: 0 | L2: 0 | M2: =L2/3 -> 0 | N2: 0 | O2: 0 | P2: 0 | Q2: 0 | R2: 0 | S2: =N2*1.2 -> 0 | T2: 0 | U2: 0 | W2: =800000/3/(1+EXP(-0.37*(A2-2035))) -> 493.68698
A3: 2019 | B3: =1001300-C3-E3-F3-G3-H3-L3-M3-N3-O3 -> 791894.5 | C3: 203400 | D3: 0 | E3: 1500 | F3: =E3 -> 1500 | G3: =E3 -> 1500 | H3: =E3 -> 1500 | I3: =E3 -> 1500 | J3: =E3 -> 1500 | K3: 0 | L3: 3 | M3: =L3/3 -> 1 | N3: 1 | O3: =N3*0.5 -> 0.5 | P3: 0 | Q3: 0 | R3: 0 | S3: =N3*1.2 -> 1.2 | T3: 0 | U3: 0 | W3: =800000/3/(1+EXP(-0.37*(A3-2035))) -> 714.13578
A4: 2020 | B4: =1001300-C4-E4-F4-G4-H4-L4-M4-N4-O4 -> 791880.5 | C4: 203400 | D4: 0 | E4: 1500 | F4: =E4 -> 1500 | G4: =E4 -> 1500 | H4: =E4 -> 1500 | I4: =E4 -> 1500 | J4: =E4 -> 1500 | K4: 0 | L4: 9 | M4: =L4/3 -> 3 | N4: 5 | O4: =N4*0.5 -> 2.5 | P4: 0 | Q4: 0 | R4: 0 | S4: =N4*1.2 -> 6 | T4: 0 | U4: 0 | W4: =800000/3/(1+EXP(-0.37*(A4-2035))) -> 1032.6409
A5: 2021 | B5: =1001300-C5-E5-F5-G5-H5-L5-M5-N5-O5 -> 785766.5 | C5: 203400 | D5: 0 | E5: 3000 | F5: =E5 -> 3000 | G5: =E5 -> 3000 | H5: =E5 -> 3000 | I5: =E5 -> 3000 | J5: =E5 -> 3000 | K5: 0 | L5: 27 | M5: =L5/3 -> 9 | N5: 65 | O5: =N5*0.5 -> 32.5 | P5: 0 | Q5: 0 | R5: 0 | S5: =N5*1.2 -> 78 | T5: 0 | U5: 0 | W5: =800000/3/(1+EXP(-0.37*(A5-2035))) -> 1492.4025 | Z5: =800000/3/(1+EXP(-0.57*(A5-2032))) -> 503.64128
A6: 2022 | B6: =1001300-C6-E6-F6-G6-H6-L6-M6-N6-O6 -> 765678 | C6: 203400 | D6: 0 | E6: 8000 | F6: =E6 -> 8000 | G6: =E6 -> 8000 | H6: =E6 -> 8000 | I6: =E6 -> 8000 | J6: =E6 -> 8000 | K6: 0 | L6: 81 | M6: =L6/3 -> 27 | N6: 76 | O6: =N6*0.5 -> 38 | P6: 0 | Q6: 0 | R6: 0 | S6: =N6*1.2 -> 91.2 | T6: 0 | U6: 0 | W6: =800000/3/(1+EXP(-0.37*(A6-2035))) -> 2155.2023 | Z6: =800000/3/(1+EXP(-0.57*(A6-2032))) -> 889.28195
A7: 2023 | B7: =1001300-C7-E7-F7-G7-H7-L7-M7-N7-O7 -> 748479.67 | C7: 203400 | D7: 0 | E7: 12000 | F7: =E7 -> 12000 | G7: =E7 -> 12000 | H7: =E7 -> 12000 | I7: =E7 -> 12000 | J7: =E7 -> 12000 | K7: 0 | L7: 100 | M7: =L7/3 -> 33.333333 | N7: 87 | O7: 1200 | P7: 0 | Q7: 0 | R7: 0 | S7: =N7*1.2 -> 104.4 | T7: 0 | U7: 0 | W7: =800000/3/(1+EXP(-0.37*(A7-2035))) -> 3108.9111 | Z7: =800000/3/(1+EXP(-0.57*(A7-2032))) -> 1568.4695 | AD7: 1075832 | AE7: 1033213 | AF7: 1480661 | AG7: 1329982 | AH7: 609451 | AI7: 862747 | AJ7: 629000
A8: 2024 | B8: =1001300-C8-E8-F8-G8-H8-L8-M8-N8-O8 -> 709031 | C8: 203400 | D8: 0 | E8: 21500 | F8: =E8 -> 21500 | G8: =E8 -> 21500 | H8: =E8 -> 21500 | I8: =E8 -> 21500 | J8: =E8 -> 21500 | K8: 0 | L8: 119 | M8: =L8/3 -> 39.666667 | N8: 110.33333 | O8: 2600 | P8: 0 | Q8: 0 | R8: 0 | S8: =N8*1.2 -> 132.4 | T8: 0 | U8: 0 | W8: =800000/3/(1+EXP(-0.37*(A8-2035))) -> 4477.5062 | Z8: =800000/3/(1+EXP(-0.57*(A8-2032))) -> 2760.9967 | AD8: 67532 | AE8: 116000 | AF8: 141900 | AG8: 59300 | AH8: 37300 | AI8: 10000 | AJ8: 10000
A9: 2025 | B9: =1001300-C9-E9-F9-G9-H9-L9-M9-N9-O9 -> 696916.83 | C9: 203400 | D9: 0 | E9: 23955.462 | F9: =E9 -> 23955.462 | G9: =E9 -> 23955.462 | H9: =E9 -> 23955.462 | I9: =E9 -> 23955.462 | J9: =E9 -> 23955.462 | K9: 0 | L9: 138 | M9: =L9/3 -> 46 | N9: 133.66667 | O9: 4843.6509 | P9: 0 | Q9: 0 | R9: 0 | S9: =N9*1.2 -> 160.4 | T9: 0 | U9: 0 | W9: =800000/3/(1+EXP(-0.37*(A9-2035))) -> 6433.8724 | X9: 6433.8724 | Z9: =800000/3/(1+EXP(-0.57*(A9-2032))) -> 4843.6509 | AA9: 4843.6509
A10: 2026 | B10: =1001300-C10-E10-F10-G10-H10-L10-M10-N10-O10 -> 683442.98 | C10: 203400 | D10: 0 | E10: 26410.924 | F10: =E10 -> 26410.924 | G10: =E10 -> 26410.924 | H10: =E10 -> 26410.924 | I10: =E10 -> 26410.924 | J10: =E10 -> 26410.924 | K10: 0 | L10: 157 | M10: =L10/3 -> 52.333333 | N10: 157 | O10: 8446.9942 | P10: 0 | Q10: 0 | R10: 0 | S10: =N10*1.2 -> 188.4 | T10: 0 | U10: 0 | W10: =800000/3/(1+EXP(-0.37*(A10-2035))) -> 9214.9947 | X10: 9214.9947 | Z10: =800000/3/(1+EXP(-0.57*(A10-2032))) -> 8446.9942 | AA10: 8446.9942 | AD10: 1636 | AE10: 24787 | AF10: 421 | AG10: 4941 | AH10: 22659 | AI10: 34560 | AJ10: 0
A11: 2027 | B11: =1001300-C11-E11-F11-G11-H11-L11-M11-N11-O11 -> 667392.6 | C11: 203400 | D11: 0 | E11: 28866.386 | F11: =E11 -> 28866.386 | G11: =E11 -> 28866.386 | H11: =E11 -> 28866.386 | I11: =E11 -> 28866.386 | J11: =E11 -> 28866.386 | K11: 0 | L11: 176 | M11: =L11/3 -> 58.666667 | N11: 225.5 | O11: 14581.685 | P11: 0 | Q11: 0 | R11: 0 | S11: =N11*1.2 -> 270.6 | T11: 0 | U11: 0 | W11: =800000/3/(1+EXP(-0.37*(A11-2035))) -> 13137.602 | X11: 13137.602 | Z11: =800000/3/(1+EXP(-0.57*(A11-2032))) -> 14581.685 | AA11: 14581.685
A12: 2028 | B12: =1001300-C12-E12-F12-G12-H12-L12-M12-N12-O12 -> 647313.82 | C12: 203400 | D12: 0 | E12: 31321.848 | F12: =E12 -> 31321.848 | G12: =E12 -> 31321.848 | H12: =E12 -> 31321.848 | I12: =E12 -> 31321.848 | J12: =E12 -> 31321.848 | K12: 0 | L12: 195 | M12: =L12/3 -> 65 | N12: 294 | O12: 24744.787 | P12: 0 | Q12: 0 | R12: 0 | S12: =N12*1.2 -> 352.8 | T12: 0 | U12: 0 | W12: =800000/3/(1+EXP(-0.37*(A12-2035))) -> 18609.275 | X12: 18609.275 | Z12: =800000/3/(1+EXP(-0.57*(A12-2032))) -> 24744.787 | AA12: 24744.787 | AF12: 18 | AG12: 777 | AH12: 2465 | AI12: 3643 | AJ12: 4460
A13: 2029 | B13: =1001300-C13-E13-F13-G13-H13-L13-M13-N13-O13 -> 621299.27 | C13: 203400 | D13: 0 | E13: 33777.31 | F13: =E13 -> 33777.31 | G13: =E13 -> 33777.31 | H13: =E13 -> 33777.31 | I13: =E13 -> 33777.31 | J13: =E13 -> 33777.31 | K13: 0 | L13: 214 | M13: =L13/3 -> 71.333333 | N13: 362.5 | O13: 40843.658 | P13: 0 | Q13: 0 | R13: 0 | S13: =N13*1.2 -> 435 | T13: 0 | U13: 0 | W13: =800000/3/(1+EXP(-0.37*(A13-2035))) -> 26125.014 | X13: 26125.014 | Z13: =800000/3/(1+EXP(-0.57*(A13-2032))) -> 40843.658 | AA13: 40843.658
A14: 2030 | B14: =1001300-C14-E14-F14-G14-H14-L14-M14-N14-O14 -> 587608.48 | C14: 203400 | D14: 0 | E14: 36232.773 | F14: =E14 -> 36232.773 | G14: =E14 -> 36232.773 | H14: =E14 -> 36232.773 | I14: =E14 -> 36232.773 | J14: =E14 -> 36232.773 | K14: 0 | L14: 233 | M14: =L14/3 -> 77.666667 | N14: 431 | O14: 64618.763 | P14: 0 | Q14: 0 | R14: 0 | S14: =N14*1.5 -> 646.5 | T14: 0 | U14: 0 | W14: =800000/3/(1+EXP(-0.37*(A14-2035))) -> 36232.773 | X14: 36232.773 | Z14: =800000/3/(1+EXP(-0.57*(A14-2032))) -> 64618.763 | AA14: 64618.763
A15: 2031 | B15: =1001300-C15-E15-F15-G15-H15-L15-M15-N15-O15 -> 545833.24 | C15: 203400 | D15: 0 | E15: 38688.235 | F15: =E15 -> 38688.235 | G15: =E15 -> 38688.235 | H15: =E15 -> 38688.235 | I15: =E15 -> 38688.235 | J15: =E15 -> 38688.235 | K15: 0 | L15: 252 | M15: =L15/3 -> 84 | N15: 648 | O15: 96329.82 | P15: 0 | Q15: 0 | R15: 0 | S15: =N15*1.5 -> 972 | T15: 0 | U15: 0 | W15: =800000/3/(1+EXP(-0.37*(A15-2035))) -> 49447.312 | X15: 49447.312 | Z15: =800000/3/(1+EXP(-0.57*(A15-2032))) -> 96329.82 | AA15: 96329.82 | AD15: 117
A16: 2032 | B16: =1001300-C16-E16-F16-G16-H16-L16-M16-N16-O16 -> 525769.88 | C16: 203400 | D16: 0 | E16: 41143.697 | F16: =E16 -> 41143.697 | G16: =E16 -> 41143.697 | H16: =E16 -> 41143.697 | I16: =E16 -> 41143.697 | J16: =E16 -> 41143.697 | K16: 0 | L16: 271 | M16: =L16/3 -> 90.333333 | N16: 865 | O16: 106329 | P16: 0 | Q16: 0 | R16: 0 | S16: =N16*1.5 -> 1297.5 | T16: 0 | U16: 0 | W16: =800000/3/(1+EXP(-0.37*(A16-2035))) -> 66098.904 | X16: 66098.904 | Z16: =800000/3/(1+EXP(-0.57*(A16-2032))) -> 133333.33 | AA16: 133333.33 | AD16: 163
A17: 2033 | B17: =1001300-C17-E17-F17-G17-H17-L17-M17-N17-O17 -> 505706.52 | C17: 203400 | D17: 0 | E17: 43599.159 | F17: =E17 -> 43599.159 | G17: =E17 -> 43599.159 | H17: =E17 -> 43599.159 | I17: =E17 -> 43599.159 | J17: =E17 -> 43599.159 | K17: 0 | L17: 290 | M17: =L17/3 -> 96.666667 | N17: 1082 | O17: 116328.18 | P17: 0 | Q17: 0 | R17: 0 | S17: =N17*1.5 -> 1623 | T17: 0 | U17: 0 | W17: =800000/3/(1+EXP(-0.37*(A17-2035))) -> 86134.438 | X17: 86134.438 | Z17: =800000/3/(1+EXP(-0.57*(A17-2032))) -> 170336.85 | AD17: 139
A18: 2034 | B18: =1001300-C18-E18-F18-G18-H18-L18-M18-N18-O18 -> 485643.16 | C18: 203400 | D18: 0 | E18: 46054.621 | F18: =E18 -> 46054.621 | G18: =E18 -> 46054.621 | H18: =E18 -> 46054.621 | I18: =E18 -> 46054.621 | J18: =E18 -> 46054.621 | K18: 0 | L18: 309 | M18: =L18/3 -> 103 | N18: 1299 | O18: 126327.36 | P18: 0 | Q18: 0 | R18: 0 | S18: =N18*1.5 -> 1948.5 | T18: 0 | U18: 0 | W18: =800000/3/(1+EXP(-0.37*(A18-2035))) -> 108944.27 | X18: 108944.27 | Z18: =800000/3/(1+EXP(-0.57*(A18-2032))) -> 202047.9 | AD18: 68
A19: 2035 | B19: =1001300-C19-E19-F19-G19-H19-L19-M19-N19-O19 -> 465579.79 | C19: 203400 | D19: 0 | E19: 48510.083 | F19: =E19 -> 48510.083 | G19: =E19 -> 48510.083 | H19: =E19 -> 48510.083 | I19: =E19 -> 48510.083 | J19: =E19 -> 48510.083 | K19: 0 | L19: 328 | M19: =L19/3 -> 109.33333 | N19: 1516 | O19: 136326.54 | P19: 0 | Q19: 0 | R19: 0 | S19: =N19*1.5 -> 2274 | T19: 0 | U19: 0 | W19: =800000/3/(1+EXP(-0.37*(A19-2035))) -> 133333.33 | X19: 133333.33 | Z19: =800000/3/(1+EXP(-0.57*(A19-2032))) -> 225823.01 | AD19: 90
A20: 2036 | B20: =1001300-C20-E20-F20-G20-H20-L20-M20-N20-O20 -> 445000.43 | C20: 203400 | D20: 0 | E20: 50965.545 | F20: =E20 -> 50965.545 | G20: =E20 -> 50965.545 | H20: =E20 -> 50965.545 | I20: =E20 -> 50965.545 | J20: =E20 -> 50965.545 | K20: 0 | L20: 347 | M20: =L20/3 -> 115.66667 | N20: 2249 | O20: 146325.72 | P20: 0 | Q20: 0 | R20: 0 | S20: =N20*1.5 -> 3373.5 | T20: 0 | U20: 0 | W20: =800000/3/(1+EXP(-0.37*(A20-2035))) -> 157722.39 | X20: 838214.14 | Z20: =800000/3/(1+EXP(-0.57*(A20-2032))) -> 241921.88 | AD20: 95
A21: 2037 | B21: =1001300-C21-E21-F21-G21-H21-L21-M21-N21-O21 -> 424421.07 | C21: 203400 | D21: 0 | E21: 53421.007 | F21: =E21 -> 53421.007 | G21: =E21 -> 53421.007 | H21: =E21 -> 53421.007 | I21: =E21 -> 53421.007 | J21: =E21 -> 53421.007 | K21: 0 | L21: 366 | M21: =L21/3 -> 122 | N21: 2982 | O21: 156324.9 | P21: 156324.9 | Q21: 156324.9 | R21: 156324.9 | S21: =N21*1.5 -> 4473 | T21: 0 | U21: 0 | W21: =800000/3/(1+EXP(-0.37*(A21-2035))) -> 180532.23 | X21: 892352.57 | Z21: =800000/3/(1+EXP(-0.57*(A21-2032))) -> 252084.98 | AD21: S曲线 | AE21: y=120/(1+exp(-0.55*(x-2024.5)))
A22: 2038 | B22: =1001300-C22-E22-F22-G22-H22-L22-M22-N22-O22 -> 403841.71 | C22: 203400 | D22: 0 | E22: 55876.469 | F22: =E22 -> 55876.469 | G22: =E22 -> 55876.469 | H22: =E22 -> 55876.469 | I22: =E22 -> 55876.469 | J22: =E22 -> 55876.469 | K22: 0 | L22: 385 | M22: =L22/3 -> 128.33333 | N22: 3715 | O22: 166324.08 | P22: 0 | Q22: 0 | R22: 0 | S22: =N22*1.5 -> 5572.5 | T22: 0 | U22: 0 | W22: =800000/3/(1+EXP(-0.37*(A22-2035))) -> 200567.76 | X22: 929889.94 | Z22: =800000/3/(1+EXP(-0.57*(A22-2032))) -> 258219.67
A23: 2039 | B23: =1001300-C23-E23-F23-G23-H23-L23-M23-N23-O23 -> 383262.35 | C23: 203400 | D23: 0 | E23: 58331.931 | F23: =E23 -> 58331.931 | G23: =E23 -> 58331.931 | H23: =E23 -> 58331.931 | I23: =E23 -> 58331.931 | J23: =E23 -> 58331.931 | K23: 0 | L23: 404 | M23: =L23/3 -> 134.66667 | N23: 4448 | O23: 176323.26 | P23: 0 | Q23: 0 | R23: 0 | S23: =N23*1.5 -> 6672 | T23: 0 | U23: 0 | W23: =800000/3/(1+EXP(-0.37*(A23-2035))) -> 217219.35 | X23: 954997.9 | Z23: =800000/3/(1+EXP(-0.57*(A23-2032))) -> 261823.02
A24: 2040 | B24: =1001300-C24-E24-F24-G24-H24-L24-M24-N24-O24 -> 362708.32 | C24: 203400 | D24: 0 | E24: 60787.393 | F24: =E24 -> 60787.393 | G24: =E24 -> 60787.393 | H24: =E24 -> 60787.393 | I24: =E24 -> 60787.393 | J24: =E24 -> 60787.393 | K24: 0 | L24: 404 | M24: =L24/3 -> 134.66667 | N24: 5181 | O24: 186322.44 | P24: 0 | Q24: 0 | R24: 0 | S24: =N24*1.5 -> 7771.5 | T24: 0 | U24: 0 | W24: =800000/3/(1+EXP(-0.37*(A24-2035))) -> 230433.89 | X24: 971390.79 | Z24: =800000/3/(1+EXP(-0.57*(A24-2032))) -> 263905.67
A25: 2041 | B25: =1001300-C25-E25-F25-G25-H25-L25-M25-N25-O25 -> 339925.29 | C25: 203400 | D25: 0 | E25: 63242.856 | F25: =E25 -> 63242.856 | G25: =E25 -> 63242.856 | H25: =E25 -> 63242.856 | I25: =E25 -> 63242.856 | J25: =E25 -> 63242.856 | K25: 0 | L25: 404 | M25: =L25/3 -> 134.66667 | N25: 8143 | O25: 196321.62 | P25: 0 | Q25: 0 | R25: 0 | S25: =N25*1.5 -> 12214.5 | T25: 0 | U25: 0
A26: 2042 | B26: =1001300-C26-E26-F26-G26-H26-L26-M26-N26-O26 -> 317142.26 | C26: 203400 | D26: 0 | E26: 65698.318 | F26: =E26 -> 65698.318 | G26: =E26 -> 65698.318 | H26: =E26 -> 65698.318 | I26: =E26 -> 65698.318 | J26: =E26 -> 65698.318 | K26: 0 | L26: 404 | M26: =L26/3 -> 134.66667 | N26: 11105 | O26: 206320.8 | P26: 0 | Q26: 0 | R26: 0 | S26: =N26*1.5 -> 16657.5 | T26: 0 | U26: 0
A27: 2043 | B27: =1001300-C27-E27-F27-G27-H27-L27-M27-N27-O27 -> 294359.23 | C27: 203400 | D27: 0 | E27: 68153.78 | F27: =E27 -> 68153.78 | G27: =E27 -> 68153.78 | H27: =E27 -> 68153.78 | I27: =E27 -> 68153.78 | J27: =E27 -> 68153.78 | K27: 0 | L27: 404 | M27: =L27/3 -> 134.66667 | N27: 14067 | O27: 216319.98 | P27: 0 | Q27: 0 | R27: 0 | S27: =N27*1.5 -> 21100.5 | T27: 0 | U27: 0
A28: 2044 | B28: =1001300-C28-E28-F28-G28-H28-L28-M28-N28-O28 -> 271576.21 | C28: 203400 | D28: 0 | E28: 70609.242 | F28: =E28 -> 70609.242 | G28: =E28 -> 70609.242 | H28: =E28 -> 70609.242 | I28: =E28 -> 70609.242 | J28: =E28 -> 70609.242 | K28: 0 | L28: 404 | M28: =L28/3 -> 134.66667 | N28: 17029 | O28: 226319.16 | P28: 0 | Q28: 0 | R28: 0 | S28: =N28*1.5 -> 25543.5 | T28: 0 | U28: 0
A29: 2045 | B29: =1001300-C29-E29-F29-G29-H29-L29-M29-N29-O29 -> 248793.18 | C29: 203400 | D29: 0 | E29: 73064.704 | F29: =E29 -> 73064.704 | G29: =E29 -> 73064.704 | H29: =E29 -> 73064.704 | I29: =E29 -> 73064.704 | J29: =E29 -> 73064.704 | K29: 0 | L29: 404 | M29: =L29/3 -> 134.66667 | N29: 19991 | O29: 236318.34 | P29: 0 | Q29: 0 | R29: 0 | S29: =N29*1.5 -> 29986.5 | T29: 0 | U29: 0
A30: 2046 | B30: =1001300-C30-E30-F30-G30-H30-L30-M30-N30-O30 -> 238971.33 | C30: 203400 | D30: 0 | E30: 75520.166 | F30: =E30 -> 75520.166 | G30: =E30 -> 75520.166 | H30: =E30 -> 75520.166 | I30: =E30 -> 75520.166 | J30: =E30 -> 75520.166 | K30: 0 | L30: 404 | M30: =L30/3 -> 134.66667 | N30: 19991 | O30: 236318.34 | P30: 0 | Q30: 0 | R30: 0 | S30: =N30*1.5 -> 29986.5 | T30: 0 | U30: 0
A31: 2047 | B31: =1001300-C31-E31-F31-G31-H31-L31-M31-N31-O31 -> 229149.48 | C31: 203400 | D31: 0 | E31: 77975.628 | F31: =E31 -> 77975.628 | G31: =E31 -> 77975.628 | H31: =E31 -> 77975.628 | I31: =E31 -> 77975.628 | J31: =E31 -> 77975.628 | K31: 0 | L31: 404 | M31: =L31/3 -> 134.66667 | N31: 19991 | O31: 236318.34 | P31: 0 | Q31: 0 | R31: 0 | S31: =N31*1.5 -> 29986.5 | T31: 0 | U31: 0
A32: 2048 | B32: =1001300-C32-E32-F32-G32-H32-L32-M32-N32-O32 -> 219327.63 | C32: 203400 | D32: 0 | E32: 80431.09 | F32: =E32 -> 80431.09 | G32: =E32 -> 80431.09 | H32: =E32 -> 80431.09 | I32: =E32 -> 80431.09 | J32: =E32 -> 80431.09 | K32: 0 | L32: 404 | M32: =L32/3 -> 134.66667 | N32: 19991 | O32: 236318.34 | P32: 0 | Q32: 0 | R32: 0 | S32: =N32*1.5 -> 29986.5 | T32: 0 | U32: 0
A33: 2049 | B33: =1001300-C33-E33-F33-G33-H33-L33-M33-N33-O33 -> 209505.78 | C33: 203400 | D33: 0 | E33: 82886.552 | F33: =E33 -> 82886.552 | G33: =E33 -> 82886.552 | H33: =E33 -> 82886.552 | I33: =E33 -> 82886.552 | J33: =E33 -> 82886.552 | K33: 0 | L33: 404 | M33: =L33/3 -> 134.66667 | N33: 19991 | O33: 236318.34 | P33: 0 | Q33: 0 | R33: 0 | S33: =N33*1.5 -> 29986.5 | T33: 0 | U33: 0
A34: 2050 | B34: =1001300-C34-E34-F34-G34-H34-L34-M34-N34-O34 -> 199683.94 | C34: 203400 | D34: 0 | E34: 85342.014 | F34: =E34 -> 85342.014 | G34: =E34 -> 85342.014 | H34: =E34 -> 85342.014 | I34: =E34 -> 85342.014 | J34: =E34 -> 85342.014 | K34: 0 | L34: 404 | M34: =L34/3 -> 134.66667 | N34: 19991 | O34: 236318.34 | P34: 0 | Q34: 0 | R34: 0 | S34: =N34*1.5 -> 29986.5 | T34: 0 | U34: 0
A35: 2051 | B35: =1001300-C35-E35-F35-G35-H35-L35-M35-N35-O35 -> 189862.09 | C35: 203400 | D35: 0 | E35: 87797.476 | F35: =E35 -> 87797.476 | G35: =E35 -> 87797.476 | H35: =E35 -> 87797.476 | I35: =E35 -> 87797.476 | J35: =E35 -> 87797.476 | K35: 0 | L35: 404 | M35: =L35/3 -> 134.66667 | N35: 19991 | O35: 236318.34 | P35: 0 | Q35: 0 | R35: 0 | S35: =N35*1.5 -> 29986.5 | T35: 0 | U35: 0
A36: 2052 | B36: =1001300-C36-E36-F36-G36-H36-L36-M36-N36-O36 -> 180040.24 | C36: 203400 | D36: 0 | E36: 90252.939 | F36: =E36 -> 90252.939 | G36: =E36 -> 90252.939 | H36: =E36 -> 90252.939 | I36: =E36 -> 90252.939 | J36: =E36 -> 90252.939 | K36: 0 | L36: 404 | M36: =L36/3 -> 134.66667 | N36: 19991 | O36: 236318.34 | P36: 0 | Q36: 0 | R36: 0 | S36: =N36*1.5 -> 29986.5 | T36: 0 | U36: 0
... A44: 2060 | B44: =1001300-C44-E44-F44-G44-H44-L44-M44-N44-O44 -> 101465.45 | C44: 203400 | D44: 0 | E44: 109896.64 | F44: =E44 -> 109896.64 | G44: =E44 -> 109896.64 | H44: =E44 -> 109896.64 | I44: =E44 -> 109896.64 | J44: =E44 -> 109896.64 | K44: 0 | L44: 404 | M44: =L44/3 -> 134.66667 | N44: 19991 | O44: 236318.34 | P44: 0 | Q44: 0 | R44: 0 | S44: =N44*1.5 -> 29986.5 | T44: 0 | U44: 0

Sheet volume
B1: DICE | C1: NGICE | D1: BEVF282 | E1: BEVF510 | F1: BEVF600 | G1: BEVF730 | H1: BEVE510 | I1: BEVF800 | J1: BEVF900 | K1: PHEV | L1: EDPHEV | M1: ELPHEV | N1: FCEV | O1: MICE | P1: EDICE | Q1: ELICE | R1: H2ICE35 | S1: H2ICE70 | T1: NH3ICE | U1: HNICE
A2: h_trailer_hwl | B2: 700 | C2: 900 | D2: 0 | E2: 0 | F2: 0 | G2: 0 | H2: 0 | I2: 0 | J2: 0 | K2: 400 | L2: =B2 -> 700 | M2: =C2 -> 900 | N2: 70 | O2: 1000 | P2: 700 | Q2: 900 | R2: 30 | S2: 56 | T2: 140 | U2: 160
A3: h_trailer_hws | B3: 700 | C3: 900 | D3: 0 | E3: 0 | F3: 0 | G3: 0 | H3: 0 | I3: 0 | J3: 0 | K3: 400 | L3: =B3 -> 700 | M3: =C3 -> 900 | N3: 70 | O3: 1000 | P3: 700 | Q3: 900 | R3: 30 | S3: 56 | T3: 140 | U3: 160
A4: h_trailer_hwm | B4: 700 | C4: 900 | D4: 0 | E4: 0 | F4: 0 | G4: 0 | H4: 0 | I4: 0 | J4: 0 | K4: 400 | L4: =B4 -> 700 | M4: =C4 -> 900 | N4: 70 | O4: 1000 | P4: 700 | Q4: 900 | R4: 30 | S4: 56 | T4: 140 | U4: 160

Sheet battery_capacity
B1: DICE | C1: NGICE | D1: BEVF282 | E1: BEVF510 | F1: BEVF600 | G1: BEVF730 | H1: BEVE510 | I1: BEVF800 | J1: BEVF900 | K1: PHEV | L1: EDPHEV | M1: ELPHEV | N1: FCEV | O1: MICE | P1: EDICE | Q1: ELICE | R1: H2ICE35 | S1: H2ICE70 | T1: NH3ICE | U1: HNICE
A2: h_trailer_hwl | B2: 0 | C2: 0 | D2: 282 | E2: 510 | F2: 600 | G2: 730 | H2: 510 | I2: 800 | J2: 900 | K2: 50 | L2: =K2 -> 50 | M2: =L2 -> 50 | N2: 282 | O2: 0 | P2: 0 | Q2: =B2 -> 0 | R2: 0 | S2: 0 | T2: 0 | U2: 0
A3: h_trailer_hws | B3: 0 | C3: 0 | D3: 282 | E3: 510 | F3: 600 | G3: 730 | H3: 510 | I3: 800 | J3: 900 | K3: 50 | L3: =K3 -> 50 | M3: =L3 -> 50 | N3: 282 | O3: 0 | P3: 0 | Q3: =B3 -> 0 | R3: 0 | S3: 0 | T3: 0 | U3: 0
A4: h_trailer_hwm | B4: 0 | C4: 0 | D4: 282 | E4: 510 | F4: 600 | G4: 730 | H4: 510 | I4: 800 | J4: 900 | K4: 50 | L4: =K4 -> 50 | M4: =L4 -> 50 | N4: 282 | O4: 0 | P4: 0 | Q4: =B4 -> 0 | R4: 0 | S4: 0 | T4: 0 | U4: 0

Sheet tonkm1
B1: DICE | C1: NGICE | D1: BEVF282 | E1: BEVF423 | F1: BEVE282 | G1: BEVF729 | H1: BEVE512 | I1: BEVU729 | J1: PHEV | K1: EDPHEV | L1: ELPHEV | M1: FCEV | N1: MICE | O1: EDICE | P1: ELICE | Q1: H2ICE35 | R1: H2ICE70 | S1: NH3ICE | T1: HNICE
A2: 0 | B2: =volum/cargoFC1!B2 -> 51.578947 | C2: =volum/cargoFC1!C2 -> 35 | D2: =battery_capacity/cargoFC1!D2 -> 5.9323895 | E2: =battery_capacity/cargoFC1!E2 -> 10.522105 | F2: =battery_capacity/cargoFC1!F2 -> 12.622105 | G2: =battery_capacity/cargoFC1!G2 -> 14.281105 | H2: =battery_capacity/cargoFC1!H2 -> 10.334211 | I2: =battery_capacity/cargoFC1!I2 -> 15.650526 | J2: =volum/cargoFC1!J2 -> 0 | K2: =volum/cargoFC1!K2 -> 29.62963 | L2: =volum/cargoFC1!L2 -> 51.851852 | M2: =battery_capacity/cargoFC1!M2 -> 14 | N2: =volum/cargoFC1!N2 -> 1.7818182 | O2: =volum/cargoFC1!O2 -> 74.074074 | P2: =volum/cargoFC1!P2 -> 51.851852 | Q2: =volum/cargoFC1!Q2 -> 283.70861 | R2: =volum/cargoFC1!R2 -> 9.4569536 | S2: =volum/cargoFC1!S2 -> 8.7111111 | T2: =volum/cargoFC1!T2 -> 21.777778
A3: 0.1 | B3: =volum/cargoFC1!B3 -> 46.357616 | C3: =volum/cargoFC1!C3 -> 31.456954 | D3: =battery_capacity/cargoFC1!D3 -> 5.3318543 | E3: =battery_capacity/cargoFC1!E3 -> 9.4569536 | F3: =battery_capacity/cargoFC1!F3 -> 11.344371 | G3: =battery_capacity/cargoFC1!G3 -> 12.83543 | H3: =battery_capacity/cargoFC1!H3 -> 9.2880795 | I3: =battery_capacity/cargoFC1!I3 -> 14.066225 | J3: =volum/cargoFC1!J3 -> 0 | K3: =volum/cargoFC1!K3 -> 29.433407 | L3: =volum/cargoFC1!L3 -> 51.508462 | M3: =battery_capacity/cargoFC1!M3 -> 12.582781 | N3: =volum/cargoFC1!N3 -> 1.6014449 | O3: =volum/cargoFC1!O3 -> 73.583517 | P3: =volum/cargoFC1!P3 -> 51.508462 | Q3: =volum/cargoFC1!Q3 -> 281.84211 | R3: =volum/cargoFC1!R3 -> 9.3947368 | S3: =volum/cargoFC1!S3 -> 8.6534216 | T3: =volum/cargoFC1!T3 -> 21.633554
A4: 0.2 | B4: =volum/cargoFC1!B4 -> 46.052632 | C4: =volum/cargoFC1!C4 -> 31.25 | D4: =battery_capacity/cargoFC1!D4 -> 5.2967763 | E4: =battery_capacity/cargoFC1!E4 -> 9.3947368 | F4: =battery_capacity/cargoFC1!F4 -> 11.269737 | G4: =battery_capacity/cargoFC1!G4 -> 12.750987 | H4: =battery_capacity/cargoFC1!H4 -> 9.2269737 | I4: =battery_capacity/cargoFC1!I4 -> 13.973684 | J4: =volum/cargoFC1!J4 -> 0 | K4: =volum/cargoFC1!K4 -> 29.239766 | L4: =volum/cargoFC1!L4 -> 51.169591 | M4: =battery_capacity/cargoFC1!M4 -> 12.5 | N4: =volum/cargoFC1!N4 -> 1.5909091 | O4: =volum/cargoFC1!O4 -> 73.099415 | P4: =volum/cargoFC1!P4 -> 51.169591 | Q4: =volum/cargoFC1!Q4 -> 280 | R4: =volum/cargoFC1!R4 -> 9.3333333 | S4: =volum/cargoFC1!S4 -> 8.5964912 | T4: =volum/cargoFC1!T4 -> 21.491228
A5: 0.3 | B5: =volum/cargoFC1!B5 -> 45.751634 | C5: =volum/cargoFC1!C5 -> 31.045752 | D5: =battery_capacity/cargoFC1!D5 -> 5.2621569 | E5: =battery_capacity/cargoFC1!E5 -> 9.3333333 | F5: =battery_capacity/cargoFC1!F5 -> 11.196078 | G5: =battery_capacity/cargoFC1!G5 -> 12.667647 | H5: =battery_capacity/cargoFC1!H5 -> 9.1666667 | I5: =battery_capacity/cargoFC1!I5 -> 13.882353 | J5: =volum/cargoFC1!J5 -> 0 | K5: =volum/cargoFC1!K5 -> 29.048657 | L5: =volum/cargoFC1!L5 -> 50.835149 | M5: =battery_capacity/cargoFC1!M5 -> 12.418301 | N5: =volum/cargoFC1!N5 -> 1.580511 | O5: =volum/cargoFC1!O5 -> 72.621641 | P5: =volum/cargoFC1!P5 -> 50.835149 | Q5: =volum/cargoFC1!Q5 -> 278.18182 | R5: =volum/cargoFC1!R5 -> 9.2727273 | S5: =volum/cargoFC1!S5 -> 8.540305 | T5: =volum/cargoFC1!T5 -> 21.350763
A6: 0.4 | B6: =volum/cargoFC1!B6 -> 45.454545 | C6: =volum/cargoFC1!C6 -> 30.844156 | D6: =battery_capacity/cargoFC1!D6 -> 5.227987 | E6: =battery_capacity/cargoFC1!E6 -> 9.2727273 | F6: =battery_capacity/cargoFC1!F6 -> 11.123377 | G6: =battery_capacity/cargoFC1!G6 -> 12.58539 | H6: =battery_capacity/cargoFC1!H6 -> 9.1071429 | I6: =battery_capacity/cargoFC1!I6 -> 13.792208 | J6: =volum/cargoFC1!J6 -> 0 | K6: =volum/cargoFC1!K6 -> 28.860029 | L6: =volum/cargoFC1!L6 -> 50.505051 | M6: =battery_capacity/cargoFC1!M6 -> 12.337662 | N6: =volum/cargoFC1!N6 -> 1.5702479 | O6: =volum/cargoFC1!O6 -> 72.150072 | P6: =volum/cargoFC1!P6 -> 50.505051 | Q6: =volum/cargoFC1!Q6 -> 276.3871 | R6: =volum/cargoFC1!R6 -> 9.2129032 | S6: =volum/cargoFC1!S6 -> 8.4848485 | T6: =volum/cargoFC1!T6 -> 21.212121
A7: 0.5 | B7: =volum/cargoFC1!B7 -> 45.16129 | C7: =volum/cargoFC1!C7 -> 30.645161 | D7: =battery_capacity/cargoFC1!D7 -> 5.1942581 | E7: =battery_capacity/cargoFC1!E7 -> 9.2129032 | F7: =battery_capacity/cargoFC1!F7 -> 11.051613 | G7: =battery_capacity/cargoFC1!G7 -> 12.504194 | H7: =battery_capacity/cargoFC1!H7 -> 9.0483871 | I7: =battery_capacity/cargoFC1!I7 -> 13.703226 | J7: =volum/cargoFC1!J7 -> 0 | K7: =volum/cargoFC1!K7 -> 28.673835 | L7: =volum/cargoFC1!L7 -> 50.179212 | M7: =battery_capacity/cargoFC1!M7 -> 12.258065 | N7: =volum/cargoFC1!N7 -> 1.5601173 | O7: =volum/cargoFC1!O7 -> 71.684588 | P7: =volum/cargoFC1!P7 -> 50.179212 | Q7: =volum/cargoFC1!Q7 -> 274.61538 | R7: =volum/cargoFC1!R7 -> 9.1538462 | S7: =volum/cargoFC1!S7 -> 8.4301075 | T7: =volum/cargoFC1!T7 -> 21.075269
A8: 0.6 | B8: =volum/cargoFC1!B8 -> 44.871795 | C8: =volum/cargoFC1!C8 -> 30.448718 | D8: =battery_capacity/cargoFC1!D8 -> 5.1609615 | E8: =battery_capacity/cargoFC1!E8 -> 9.1538462 | F8: =battery_capacity/cargoFC1!F8 -> 10.980769 | G8: =battery_capacity/cargoFC1!G8 -> 12.424038 | H8: =battery_capacity/cargoFC1!H8 -> 8.9903846 | I8: =battery_capacity/cargoFC1!I8 -> 13.615385 | J8: =volum/cargoFC1!J8 -> 0 | K8: =volum/cargoFC1!K8 -> 28.490029 | L8: =volum/cargoFC1!L8 -> 49.85755 | M8: =battery_capacity/cargoFC1!M8 -> 12.179487 | N8: =volum/cargoFC1!N8 -> 1.5501166 | O8: =volum/cargoFC1!O8 -> 71.225071 | P8: =volum/cargoFC1!P8 -> 49.85755 | Q8: =volum/cargoFC1!Q8 -> 272.86624 | R8: =volum/cargoFC1!R8 -> 9.0955414 | S8: =volum/cargoFC1!S8 -> 8.3760684 | T8: =volum/cargoFC1!T8 -> 20.940171
A9: 0.7 | B9: =volum/cargoFC1!B9 -> 44.585987 | C9: =volum/cargoFC1!C9 -> 30.254777 | D9: =battery_capacity/cargoFC1!D9 -> 5.1280892 | E9: =battery_capacity/cargoFC1!E9 -> 9.0955414 | F9: =battery_capacity/cargoFC1!F9 -> 10.910828 | G9: =battery_capacity/cargoFC1!G9 -> 12.344904 | H9: =battery_capacity/cargoFC1!H9 -> 8.933121 | I9: =battery_capacity/cargoFC1!I9 -> 13.528662 | J9: =volum/cargoFC1!J9 -> 0 | K9: =volum/cargoFC1!K9 -> 28.308563 | L9: =volum/cargoFC1!L9 -> 49.539986 | M9: =battery_capacity/cargoFC1!M9 -> 12.101911 | N9: =volum/cargoFC1!N9 -> 1.5402432 | O9: =volum/cargoFC1!O9 -> 70.771408 | P9: =volum/cargoFC1!P9 -> 49.539986 | Q9: =volum/cargoFC1!Q9 -> 271.13924 | R9: =volum/cargoFC1!R9 -> 9.0379747 | S9: =volum/cargoFC1!S9 -> 8.3227176 | T9: =volum/cargoFC1!T9 -> 20.806794
A10: 0.8 | B10: =volum/cargoFC1!B10 -> 44.303797 | C10: =volum/cargoFC1!C10 -> 30.063291 | D10: =battery_capacity/cargoFC1!D10 -> 5.0956329 | E10: =battery_capacity/cargoFC1!E10 -> 9.0379747 | F10: =battery_capacity/cargoFC1!F10 -> 10.841772 | G10: =battery_capacity/cargoFC1!G10 -> 12.266772 | H10: =battery_capacity/cargoFC1!H10 -> 8.8765823 | I10: =battery_capacity/cargoFC1!I10 -> 13.443038 | J10: =volum/cargoFC1!J10 -> 0 | K10: =volum/cargoFC1!K10 -> 28.129395 | L10: =volum/cargoFC1!L10 -> 49.226442 | M10: =battery_capacity/cargoFC1!M10 -> 12.025316 | N10: =volum/cargoFC1!N10 -> 1.5304948 | O10: =volum/cargoFC1!O10 -> 70.323488 | P10: =volum/cargoFC1!P10 -> 49.226442 | Q10: =volum/cargoFC1!Q10 -> 269.43396 | R10: =volum/cargoFC1!R10 -> 8.9811321 | S10: =volum/cargoFC1!S10 -> 8.2700422 | T10: =volum/cargoFC1!T10 -> 20.675106
A11: 0.9 | B11: =volum/cargoFC1!B11 -> 44.025157 | C11: =volum/cargoFC1!C11 -> 29.874214 | D11: =battery_capacity/cargoFC1!D11 -> 5.0635849 | E11: =battery_capacity/cargoFC1!E11 -> 8.9811321 | F11: =battery_capacity/cargoFC1!F11 -> 10.773585 | G11: =battery_capacity/cargoFC1!G11 -> 12.189623 | H11: =battery_capacity/cargoFC1!H11 -> 8.8207547 | I11: =battery_capacity/cargoFC1!I11 -> 13.358491 | J11: =volum/cargoFC1!J11 -> 0 | K11: =volum/cargoFC1!K11 -> 27.952481 | L11: =volum/cargoFC1!L11 -> 48.916841 | M11: =battery_capacity/cargoFC1!M11 -> 11.949686 | N11: =volum/cargoFC1!N11 -> 1.5208691 | O11: =volum/cargoFC1!O11 -> 69.881202 | P11: =volum/cargoFC1!P11 -> 48.916841 | Q11: =volum/cargoFC1!Q11 -> 267.75 | R11: =volum/cargoFC1!R11 -> 8.925 | S11: =volum/cargoFC1!S11 -> 8.2180294 | T11: =volum/cargoFC1!T11 -> 20.545073
A12: 1 | B12: =volum/cargoFC1!B12 -> 43.75 | C12: =volum/cargoFC1!C12 -> 29.6875 | D12: =battery_capacity/cargoFC1!D12 -> 5.0319375 | E12: =battery_capacity/cargoFC1!E12 -> 8.925 | F12: =battery_capacity/cargoFC1!F12 -> 10.70625 | G12: =battery_capacity/cargoFC1!G12 -> 12.113438 | H12: =battery_capacity/cargoFC1!H12 -> 8.765625 | I12: =battery_capacity/cargoFC1!I12 -> 13.275 | J12: =volum/cargoFC1!J12 -> 0 | K12: =volum/cargoFC1!K12 -> 27.777778 | L12: =volum/cargoFC1!L12 -> 48.611111 | M12: =battery_capacity/cargoFC1!M12 -> 11.875 | N12: =volum/cargoFC1!N12 -> 1.5113636 | O12: =volum/cargoFC1!O12 -> 69.444445 | P12: =volum/cargoFC1!P12 -> 48.611111 | Q12: =volum/cargoFC1!Q12 -> 266.08696 | R12: =volum/cargoFC1!R12 -> 8.8695652 | S12: =volum/cargoFC1!S12 -> 8.1666667 | T12: =volum/cargoFC1!T12 -> 20.416667
A13: 1.1 | B13: =volum/cargoFC1!B13 -> 43.478261 | C13: =volum/cargoFC1!C13 -> 29.503106 | D13: =battery_capacity/cargoFC1!D13 -> 5.0006832 | E13: =battery_capacity/cargoFC1!E13 -> 8.8695652 | F13: =battery_capacity/cargoFC1!F13 -> 10.639752 | G13: =battery_capacity/cargoFC1!G13 -> 12.038199 | H13: =battery_capacity/cargoFC1!H13 -> 8.7111801 | I13: =battery_capacity/cargoFC1!I13 -> 13.192547 | J13: =volum/cargoFC1!J13 -> 0 | K13: =volum/cargoFC1!K13 -> 27.605245 | L13: =volum/cargoFC1!L13 -> 48.309179 | M13: =battery_capacity/cargoFC1!M13 -> 11.801242 | N13: =volum/cargoFC1!N13 -> 1.5019763 | O13: =volum/cargoFC1!O13 -> 69.013113 | P13: =volum/cargoFC1!P13 -> 48.309179 | Q13: =volum/cargoFC1!Q13 -> 264.44444 | R13: =volum/cargoFC1!R13 -> 8.8148148 | S13: =volum/cargoFC1!S13 -> 8.115942 | T13: =volum/cargoFC1!T13 -> 20.289855
... A322: 32 | B322: =volum/cargoFC1!B322 -> 16.339869 | C322: =volum/cargoFC1!C322 -> 11.087768 | D322: =battery_capacity/cargoFC1!D322 -> 2.0142857 | E322: =battery_capacity/cargoFC1!E322 -> 3.6428571 | F322: =battery_capacity/cargoFC1!F322 -> 4.2857143 | G322: =battery_capacity/cargoFC1!G322 -> 5.2142857 | H322: =battery_capacity/cargoFC1!H322 -> 3.6428571 | I322: =battery_capacity/cargoFC1!I322 -> 5.7142857 | J322: =volum/cargoFC1!J322 -> 0 | K322: =volum/cargoFC1!K322 -> 10.37452 | L322: =volum/cargoFC1!L322 -> 18.15541 | M322: =battery_capacity/cargoFC1!M322 -> 4.4351074 | N322: =volum/cargoFC1!N322 -> 0.56446821 | O322: =volum/cargoFC1!O322 -> 25.9363 | P322: =volum/cargoFC1!P322 -> 18.15541 | Q322: =volum/cargoFC1!Q322 -> 100 | R322: =volum/cargoFC1!R322 -> 3.3333333 | S322: =volum/cargoFC1!S322 -> 3.0501089 | T322: =volum/cargoFC1!T322 -> 7.6252722

Sheet cubeweight
B1: DICE | C1: NGICE | D1: BEVF282 | E1: BEVF510 | F1: BEVF600 | G1: BEVF730 | H1: BEVE510 | I1: BEVF800 | J1: BEVF900 | K1: PHEV | L1: EDPHEV | M1: ELPHEV | N1: FCEV | O1: MICE | P1: EDICE | Q1: ELICE | R1: H2ICE35 | S1: H2ICE70 | T1: NH3ICE | U1: HNICE | W1: 单位电池重量kg/kwh | Z1: BEVS_batteryweight | AA1: BEVF_batteryweight | AB1: BEVE_batteryweight | AC1: BEVU_batteryweight | AD1: 充电 | AE1: 0kwh | AF1: 283kwh | AG1: 423kwh | AH1: 每kwh增加kg | AI1: 510kwh | AJ1: 600 | AK1: 730kwh | AL1: 800 | AM1: 900KWH
A2: 2018 | B2: 8.805 | C2: 9.4 | D2: =8.88652+282*7.14/1000 -> 10.9 | E2: =8.8+5.6*510/1000 -> 11.656 | F2: =8.8+5.6*600/1000 -> 12.16 | G2: =8.8+5.6*730/1000 -> 12.888 | H2: =8.8+5.6*510/1000 -> 11.656 | I2: =8.8+5.6*800/1000 -> 13.28 | J2: =8.8+5.6*900/1000 -> 13.84 | K2: 10.1 | L2: 9.4 | M2: =L2/B2*C2 -> 10.035207 | N2: 11.66 | O2: 9.5 | P2: =B2 -> 8.805 | Q2: 8.805 | R2: 8.805 | S2: 10.12 | T2: 8.805 | U2: 8.805 | W2: 7.14 | X2: 7.14 | Z2: 10.9 | AA2: 10.9 | AB2: 11 | AC2: 10.9 | AE2: =10.9-283*AH9/1000 -> 9.3152 | AF2: 10.9 | AG2: 12.8 | AH2: =(12.8-10.9)*1000/(423-283) -> 13.571429 | AI2: =AG2+(510-423)*AH9/1000 -> 13.2872 | AJ2: =AG2+(600-423)*AH9/1000 -> 13.7912 | AK2: =AG2+(730-423)*AH9/1000 -> 14.5192 | AL2: =AG2+(800-423)*AH9/1000 -> 14.9112 | AM2: =AG2+(900-423)*AH9/1000 -> 15.4712
A3: 2019 | B3: 8.805 | C3: 9.4 | D3: =8.88652+282*7.14/1000 -> 10.9 | E3: 11.656 | F3: =8.8+5.6*600/1000 -> 12.16 | G3: =8.8+5.6*730/1000 -> 12.888 | H3: =8.8+5.6*510/1000 -> 11.656 | I3: =8.8+5.6*800/1000 -> 13.28 | J3: =8.8+5.6*900/1000 -> 13.84 | K3: 10.1 | L3: 9.4 | M3: =L3/B3*C3 -> 10.035207 | N3: 11.66 | O3: 9.5 | P3: =B3 -> 8.805 | Q3: 8.805 | R3: 8.805 | S3: 10.042647 | T3: 8.805 | U3: 8.805 | W3: =282*W2 -> 2013.48 | X3: 6.8528571 | Z3: 10.9 | AA3: 10.9 | AB3: 11 | AC3: 10.9 | AD3: 换电 | AF3: 283kwh | AG3: 350kwh | AI3: 513kwh
A4: 2020 | B4: 8.805 | C4: 9.4 | D4: =8.88652+282*7.14/1000 -> 10.9 | E4: 11.656 | F4: =8.8+5.6*600/1000 -> 12.16 | G4: =8.8+5.6*730/1000 -> 12.888 | H4: =8.8+5.6*510/1000 -> 11.656 | I4: =8.8+5.6*800/1000 -> 13.28 | J4: =8.8+5.6*900/1000 -> 13.84 | K4: 10.1 | L4: 9.4 | M4: =L4/B4*C4 -> 10.035207 | N4: 11.66 | O4: 9.5 | P4: =B4 -> 8.805 | Q4: 8.805 | R4: 8.805 | S4: 9.9652941 | T4: 8.805 | U4: 8.805 | W4: 车身重量 | X4: 6.5657143 | Z4: 10.9 | AA4: 10.9 | AB4: 11 | AC4: 10.9 | AF4: 10.39 | AG4: 10.89 | AI4: 10.3
A5: 2021 | B5: 8.805 | C5: 9.4 | D5: =8.88652+282*7.14/1000 -> 10.9 | E5: 11.656 | F5: =8.8+5.6*600/1000 -> 12.16 | G5: =8.8+5.6*730/1000 -> 12.888 | H5: =8.8+5.6*510/1000 -> 11.656 | I5: =8.8+5.6*800/1000 -> 13.28 | J5: =8.8+5.6*900/1000 -> 13.84 | K5: 10.1 | L5: 9.4 | M5: =L5/B5*C5 -> 10.035207 | N5: 11.66 | O5: 9.5 | P5: =B5 -> 8.805 | Q5: 8.805 | R5: 8.805 | S5: 9.8879412 | T5: 8.805 | U5: 8.805 | W5: =10.9-W3/1000 -> 8.88652 | X5: 6.2785714 | Z5: 10.9 | AA5: 10.9 | AB5: 11 | AC5: 10.9 | AF5: 电动重卡带电量越大越好吗？
A6: 2022 | B6: 8.805 | C6: 9.4 | D6: =8.88652+282*7.14/1000 -> 10.9 | E6: 11.656 | F6: =8.8+5.6*600/1000 -> 12.16 | G6: =8.8+5.6*730/1000 -> 12.888 | H6: =8.8+5.6*510/1000 -> 11.656 | I6: =8.8+5.6*800/1000 -> 13.28 | J6: =8.8+5.6*900/1000 -> 13.84 | K6: 10.1 | L6: 9.4 | M6: =L6/B6*C6 -> 10.035207 | N6: 11.66 | O6: 9.5 | P6: =B6 -> 8.805 | Q6: 8.805 | R6: 8.805 | S6: 9.8105882 | T6: 8.805 | U6: 8.805 | X6: 5.9914286 | Z6: 10.9 | AA6: 10.9 | AB6: 11 | AC6: 10.9 | AF6: 电动重卡每增加100kWh电量，自重增量通常在200-500公斤区间
A7: 2023 | B7: 8.805 | C7: 9.4 | D7: =8.88652+282*7.14/1000 -> 10.9 | E7: 11.656 | F7: =8.8+5.6*600/1000 -> 12.16 | G7: =8.8+5.6*730/1000 -> 12.888 | H7: =8.8+5.6*510/1000 -> 11.656 | I7: =8.8+5.6*800/1000 -> 13.28 | J7: =8.8+5.6*900/1000 -> 13.84 | K7: 10.1 | L7: 9.4 | M7: =L7/B7*C7 -> 10.035207 | N7: 11.66 | O7: 9.5 | P7: =B7 -> 8.805 | Q7: 8.805 | R7: 8.805 | S7: 9.7332353 | T7: 8.805 | U7: 8.805 | X7: 5.7042857 | Z7: 10.9 | AA7: 10.9 | AB7: 11 | AC7: 10.9 | AK7: 730kwh | AL7: 423 | AM7: 423real | AN7: 510kwh
A8: 2024 | B8: 8.805 | C8: 9.4 | D8: =8.88652+282*7.14/1000 -> 10.9 | E8: 11.656 | F8: =8.8+5.6*600/1000 -> 12.16 | G8: =8.8+5.6*730/1000 -> 12.888 | H8: =8.8+5.6*510/1000 -> 11.656 | I8: =8.8+5.6*800/1000 -> 13.28 | J8: =8.8+5.6*900/1000 -> 13.84 | K8: 10.1 | L8: 9.4 | M8: =L8/B8*C8 -> 10.035207 | N8: 11.66 | O8: 9.5 | P8: =B8 -> 8.805 | Q8: 8.805 | R8: 8.805 | S8: 9.6558824 | T8: 8.805 | U8: 8.805 | X8: 5.4171429 | Z8: 10.9 | AA8: 10.9 | AB8: 11 | AC8: 10.9 | AF8: 465kwh | AG8: 600kwh | AH8: 每kwh增加kg | AJ8: 5.6 | AK8: =8.8+AJ8*730/1000 -> 12.888 | AL8: =8.8+AJ8*420/1000 -> 11.152 | AM8: 10.5 | AN8: =8.8+AJ8*510/1000 -> 11.656
A9: 2025 | B9: 8.805 | C9: 9.4 | D9: =8.88652+282*7.14/1000 -> 10.9 | E9: 11.656 | F9: =8.8+5.6*600/1000 -> 12.16 | G9: =8.8+5.6*730/1000 -> 12.888 | H9: =8.8+5.6*510/1000 -> 11.656 | I9: =8.8+5.6*800/1000 -> 13.28 | J9: =8.8+5.6*900/1000 -> 13.84 | K9: 10.1 | L9: 9.4 | M9: =L9/B9*C9 -> 10.035207 | N9: 11.66 | O9: 9.5 | P9: =B9 -> 8.805 | Q9: 8.805 | R9: 8.805 | S9: 9.5785294 | T9: 8.805 | U9: 8.805 | W9: 5.13 | X9: 5.13 | Z9: 10.9 | AA9: 10.9 | AB9: 11 | AC9: 10.9 | AF9: 2.976 | AG9: 3.732 | AH9: =(AG9-AF9)*1000/(600-465) -> 5.6 | AJ9: 4.8 | AK9: =8.8+AJ9*730/1000 -> 12.304 | AL9: =8.8+AJ9*420/1000 -> 10.816 | AN9: =8.8+AJ9*510/1000 -> 11.248
A10: 2026 | B10: 8.805 | C10: 9.4 | D10: =8.88652+282*7.14/1000 -> 10.9 | E10: 11.656 | F10: =8.8+5.6*600/1000 -> 12.16 | G10: =8.8+5.6*730/1000 -> 12.888 | H10: =8.8+5.6*510/1000 -> 11.656 | I10: =8.8+5.6*800/1000 -> 13.28 | J10: =8.8+5.6*900/1000 -> 13.84 | K10: 10.1 | L10: 9.4 | M10: =L10/B10*C10 -> 10.035207 | N10: 11.66 | O10: 9.5 | P10: =B10 -> 8.805 | Q10: 8.805 | R10: 8.805 | S10: 9.5011765 | T10: 8.805 | U10: 8.805 | X10: 4.938 | Z10: 10.9 | AA10: 10.9 | AB10: 11 | AC10: 10.9 | AJ10: 4 | AK10: =8.8+AJ10*730/1000 -> 11.72 | AL10: =8.8+AJ10*420/1000 -> 10.48 | AN10: =8.8+AJ10*510/1000 -> 10.84
A11: 2027 | B11: 8.805 | C11: 9.4 | D11: =8.88652+282*7.14/1000 -> 10.9 | E11: 11.656 | F11: =8.8+5.6*600/1000 -> 12.16 | G11: =8.8+5.6*730/1000 -> 12.888 | H11: =8.8+5.6*510/1000 -> 11.656 | I11: =8.8+5.6*800/1000 -> 13.28 | J11: =8.8+5.6*900/1000 -> 13.84 | K11: 10.1 | L11: 9.4 | M11: =L11/B11*C11 -> 10.035207 | N11: 11.66 | O11: 9.5 | P11: =B11 -> 8.805 | Q11: 8.805 | R11: 8.805 | S11: 9.4238235 | T11: 8.805 | U11: 8.805 | X11: 4.746 | Z11: 10.9 | AA11: 10.9 | AB11: 11 | AC11: 10.9 | AE11: 只要加电池 | AF11: 283kwh | AG11: 423kwh | AJ11: 0 | AK11: =8.8+AJ11*730/1000 -> 8.8 | AL11: =8.8+AJ11*420/1000 -> 8.8 | AN11: =8.8+AJ11*510/1000 -> 8.8
A12: 2028 | B12: 8.805 | C12: 9.4 | D12: =8.88652+282*7.14/1000 -> 10.9 | E12: 11.656 | F12: =8.8+5.6*600/1000 -> 12.16 | G12: =8.8+5.6*730/1000 -> 12.888 | H12: =8.8+5.6*510/1000 -> 11.656 | I12: =8.8+5.6*800/1000 -> 13.28 | J12: =8.8+5.6*900/1000 -> 13.84 | K12: 10.1 | L12: 9.4 | M12: =L12/B12*C12 -> 10.035207 | N12: 11.66 | O12: 9.5 | P12: =B12 -> 8.805 | Q12: 8.805 | R12: 8.805 | S12: 9.3464706 | T12: 8.805 | U12: 8.805 | X12: 4.554 | Z12: 10.9 | AA12: 10.9 | AB12: 11 | AC12: 10.9 | AF12: =(AF2-B2)/283 -> 0.0074028269 | AG12: =(AG2-B2)/423 -> 0.0094444444 | AH12: =AH14*AG12/AG14 -> 0.011386919 | AI12: =AI14*AG12/AG14 -> 0.016298923
A13: 2029 | B13: 8.805 | C13: 9.4 | D13: =8.88652+282*7.14/1000 -> 10.9 | E13: 11.656 | F13: =8.8+5.6*600/1000 -> 12.16 | G13: =8.8+5.6*730/1000 -> 12.888 | H13: =8.8+5.6*510/1000 -> 11.656 | I13: =8.8+5.6*800/1000 -> 13.28 | J13: =8.8+5.6*900/1000 -> 13.84 | K13: 10.1 | L13: 9.4 | M13: =L13/B13*C13 -> 10.035207 | N13: 11.66 | O13: 9.5 | P13: =B13 -> 8.805 | Q13: 8.805 | R13: 8.805 | S13: 9.2691176 | T13: 8.805 | U13: 8.805 | X13: 4.362 | Z13: 10.9 | AA13: 10.9 | AB13: 11 | AC13: 10.9
A14: 2030 | B14: 8.805 | C14: 9.4 | D14: =8.88652+282*6.5/1000 -> 10.71952 | E14: 11.656 | F14: =8.8+5.6*600/1000 -> 12.16 | G14: =8.8+5.6*730/1000 -> 12.888 | H14: =8.8+5.6*510/1000 -> 11.656 | I14: =8.8+5.6*800/1000 -> 13.28 | J14: =8.8+5.6*900/1000 -> 13.84 | K14: 10.1 | L14: 9.4 | M14: =L14/B14*C14 -> 10.035207 | N14: 11.66 | O14: 9.5 | P14: =B14 -> 8.805 | Q14: 8.805 | R14: 8.805 | S14: 9.1917647 | T14: 8.805 | U14: 8.805 | W14: 4.17 | X14: 4.17 | Z14: 10.9 | AA14: 10.9 | AB14: 11 | AC14: 10.9 | AE14: 容量 | AF14: 283 | AG14: 423 | AH14: 510 | AI14: 730
A15: 2031 | B15: 8.805 | C15: 9.4 | D15: =8.88652+282*6.5/1000 -> 10.71952 | E15: 11.656 | F15: =8.8+5.6*600/1000 -> 12.16 | G15: =8.8+5.6*730/1000 -> 12.888 | H15: =8.8+5.6*510/1000 -> 11.656 | I15: =8.8+5.6*800/1000 -> 13.28 | J15: =8.8+5.6*900/1000 -> 13.84 | K15: 10.1 | L15: 9.4 | M15: =L15/B15*C15 -> 10.035207 | N15: 11.66 | O15: 9.5 | P15: =B15 -> 8.805 | Q15: 8.805 | R15: 8.805 | S15: 9.1144118 | T15: 8.805 | U15: 8.805 | X15: 3.953 | Z15: 10.9 | AA15: 10.9 | AB15: 11 | AC15: 10.9 | AE15: 整备质量 | AF15: =B2+AF12*AF14 -> 10.9 | AG15: =B2+AG12*AG14 -> 12.8 | AH15: =B2+AH12*AH14 -> 14.612329 | AI15: =B2+AI12*AI14 -> 20.703214
A16: 2032 | B16: 8.805 | C16: 9.4 | D16: =8.88652+282*6.5/1000 -> 10.71952 | E16: 11.656 | F16: =8.8+5.6*600/1000 -> 12.16 | G16: =8.8+5.6*730/1000 -> 12.888 | H16: =8.8+5.6*510/1000 -> 11.656 | I16: =8.8+5.6*800/1000 -> 13.28 | J16: =8.8+5.6*900/1000 -> 13.84 | K16: 10.1 | L16: 9.4 | M16: =L16/B16*C16 -> 10.035207 | N16: 11.66 | O16: 9.5 | P16: =B16 -> 8.805 | Q16: 8.805 | R16: 8.805 | S16: 9.0370588 | T16: 8.805 | U16: 8.805 | X16: 3.736 | Z16: 10.9 | AA16: 10.9 | AB16: 11 | AC16: 10.9 | AG16: =8.8+AF16-38.7 -> -29.9
A17: 2033 | B17: 8.805 | C17: 9.4 | D17: =8.88652+282*6.5/1000 -> 10.71952 | E17: 11.656 | F17: =8.8+5.6*600/1000 -> 12.16 | G17: =8.8+5.6*730/1000 -> 12.888 | H17: =8.8+5.6*510/1000 -> 11.656 | I17: =8.8+5.6*800/1000 -> 13.28 | J17: =8.8+5.6*900/1000 -> 13.84 | K17: 10.1 | L17: 9.4 | M17: =L17/B17*C17 -> 10.035207 | N17: 11.66 | O17: 9.5 | P17: =B17 -> 8.805 | Q17: 8.805 | R17: 8.805 | S17: 8.9597059 | T17: 8.805 | U17: 8.805 | X17: 3.519 | Z17: 10.9 | AA17: 10.9 | AB17: 11 | AC17: 10.9 | AM17: 180 | AN17: 250 | AO17: =AN17/AM17 -> 1.3888889
A18: 2034 | B18: 8.805 | C18: 9.4 | D18: =8.88652+282*6.5/1000 -> 10.71952 | E18: 11.656 | F18: =8.8+5.6*600/1000 -> 12.16 | G18: =8.8+5.6*730/1000 -> 12.888 | H18: =8.8+5.6*510/1000 -> 11.656 | I18: =8.8+5.6*800/1000 -> 13.28 | J18: =8.8+5.6*900/1000 -> 13.84 | K18: 10.1 | L18: 9.4 | M18: =L18/B18*C18 -> 10.035207 | N18: 11.66 | O18: 9.5 | P18: =B18 -> 8.805 | Q18: 8.805 | R18: 8.805 | S18: 8.8823529 | T18: 8.805 | U18: 8.805 | X18: 3.302 | Z18: 10.9 | AA18: 10.9 | AB18: 11 | AC18: 10.9 | AM18: 5.6 | AN18: =AM18/AO17 -> 4.032
A19: 2035 | B19: 8.805 | C19: 9.4 | D19: =8.88652+282*6.5/1000 -> 10.71952 | E19: 11.656 | F19: =8.8+5.6*600/1000 -> 12.16 | G19: =8.8+5.6*730/1000 -> 12.888 | H19: =8.8+5.6*510/1000 -> 11.656 | I19: =8.8+5.6*800/1000 -> 13.28 | J19: =8.8+5.6*900/1000 -> 13.84 | K19: 10.1 | L19: 9.4 | M19: =L19/B19*C19 -> 10.035207 | N19: 11.66 | O19: 9.5 | P19: =B19 -> 8.805 | Q19: 8.805 | R19: 8.805 | S19: 8.805 | T19: 8.805 | U19: 8.805 | X19: 3.085 | Z19: 10.9 | AA19: 10.9 | AB19: 11 | AC19: 10.9
A20: 2036 | B20: 8.805 | C20: 9.4 | D20: =8.88652+282*6.5/1000 -> 10.71952 | E20: 11.656 | F20: =8.8+5.6*600/1000 -> 12.16 | G20: =8.8+5.6*730/1000 -> 12.888 | H20: =8.8+5.6*510/1000 -> 11.656 | I20: =8.8+5.6*800/1000 -> 13.28 | J20: =8.8+5.6*900/1000 -> 13.84 | K20: 10.1 | L20: 9.4 | M20: =L20/B20*C20 -> 10.035207 | N20: 11.66 | O20: 9.5 | P20: =B20 -> 8.805 | Q20: 8.805 | R20: 8.805 | S20: 8.805 | T20: 8.805 | U20: 8.805 | X20: 2.868 | Z20: 10.9 | AA20: 10.9 | AB20: 11 | AC20: 10.9 | AE20: =13*510 -> 6630 | AF20: =4000/510 -> 7.8431373 | AG20: =13/7.8 -> 1.6666667
A21: 2037 | B21: 8.805 | C21: 9.4 | D21: =8.88652+282*6.5/1000 -> 10.71952 | E21: 11.656 | F21: =8.8+5.6*600/1000 -> 12.16 | G21: =8.8+5.6*730/1000 -> 12.888 | H21: =8.8+5.6*510/1000 -> 11.656 | I21: =8.8+5.6*800/1000 -> 13.28 | J21: =8.8+5.6*900/1000 -> 13.84 | K21: 10.1 | L21: 9.4 | M21: =L21/B21*C21 -> 10.035207 | N21: 11.66 | O21: 9.5 | P21: =B21 -> 8.805 | Q21: 8.805 | R21: 8.805 | S21: 8.805 | T21: 8.805 | U21: 8.805 | X21: 2.651 | Z21: 10.9 | AA21: 10.9 | AB21: 11 | AC21: 10.9 | AF21: =8/AG20 -> 4.8
A22: 2038 | B22: 8.805 | C22: 9.4 | D22: =8.88652+282*6.5/1000 -> 10.71952 | E22: 11.656 | F22: =8.8+5.6*600/1000 -> 12.16 | G22: =8.8+5.6*730/1000 -> 12.888 | H22: =8.8+5.6*510/1000 -> 11.656 | I22: =8.8+5.6*800/1000 -> 13.28 | J22: =8.8+5.6*900/1000 -> 13.84 | K22: 10.1 | L22: 9.4 | M22: =L22/B22*C22 -> 10.035207 | N22: 11.66 | O22: 9.5 | P22: =B22 -> 8.805 | Q22: 8.805 | R22: 8.805 | S22: 8.805 | T22: 8.805 | U22: 8.805 | X22: 2.434 | Z22: 10.9 | AA22: 10.9 | AB22: 11 | AC22: 10.9
A23: 2039 | B23: 8.805 | C23: 9.4 | D23: =8.88652+282*6.5/1000 -> 10.71952 | E23: 11.656 | F23: =8.8+5.6*600/1000 -> 12.16 | G23: =8.8+5.6*730/1000 -> 12.888 | H23: =8.8+5.6*510/1000 -> 11.656 | I23: =8.8+5.6*800/1000 -> 13.28 | J23: =8.8+5.6*900/1000 -> 13.84 | K23: 10.1 | L23: 9.4 | M23: =L23/B23*C23 -> 10.035207 | N23: 11.66 | O23: 9.5 | P23: =B23 -> 8.805 | Q23: 8.805 | R23: 8.805 | S23: 8.805 | T23: 8.805 | U23: 8.805 | X23: 2.217 | Z23: 10.9 | AA23: 10.9 | AB23: 11 | AC23: 10.9 | AE23: 【远程M100双驱】远程 510马力 6X4插电式混动牵引车配置参数_卡车之家
A24: 2040 | B24: 8.805 | C24: 9.4 | D24: =8.88652+282*6.5/1000 -> 10.71952 | E24: 11.656 | F24: =8.8+5.6*600/1000 -> 12.16 | G24: =8.8+5.6*730/1000 -> 12.888 | H24: =8.8+5.6*510/1000 -> 11.656 | I24: =8.8+5.6*800/1000 -> 13.28 | J24: =8.8+5.6*900/1000 -> 13.84 | K24: 10.1 | L24: 9.4 | M24: =L24/B24*C24 -> 10.035207 | N24: 11.66 | O24: 9.5 | P24: =B24 -> 8.805 | Q24: 8.805 | R24: 8.805 | S24: 8.805 | T24: 8.805 | U24: 8.805 | W24: 2 | X24: 2 | Z24: 10.9 | AA24: 10.9 | AB24: 11 | AC24: 10.9
A25: 2041 | B25: 8.805 | C25: 9.4 | D25: =8.88652+282*6.5/1000 -> 10.71952 | E25: 11.656 | F25: =8.8+5.6*600/1000 -> 12.16 | G25: =8.8+5.6*730/1000 -> 12.888 | H25: =8.8+5.6*510/1000 -> 11.656 | I25: =8.8+5.6*800/1000 -> 13.28 | J25: =8.8+5.6*900/1000 -> 13.84 | K25: 10.1 | L25: 9.4 | M25: =L25/B25*C25 -> 10.035207 | N25: 11.66 | O25: 9.5 | P25: =B25 -> 8.805 | Q25: 8.805 | R25: 8.805 | S25: 8.805 | T25: 8.805 | U25: 8.805 | X25: 2 | Z25: 10.9 | AA25: 10.9 | AB25: 11 | AC25: 10.9
A26: 2042 | B26: 8.805 | C26: 9.4 | D26: =8.88652+282*6.5/1000 -> 10.71952 | E26: 11.656 | F26: =8.8+5.6*600/1000 -> 12.16 | G26: =8.8+5.6*730/1000 -> 12.888 | H26: =8.8+5.6*510/1000 -> 11.656 | I26: =8.8+5.6*800/1000 -> 13.28 | J26: =8.8+5.6*900/1000 -> 13.84 | K26: 10.1 | L26: 9.4 | M26: =L26/B26*C26 -> 10.035207 | N26: 11.66 | O26: 9.5 | P26: =B26 -> 8.805 | Q26: 8.805 | R26: 8.805 | S26: 8.805 | T26: 8.805 | U26: 8.805 | X26: 2 | Z26: 10.9 | AA26: 10.9 | AB26: 11 | AC26: 10.9
A27: 2043 | B27: 8.805 | C27: 9.4 | D27: =8.88652+282*6.5/1000 -> 10.71952 | E27: 11.656 | F27: =8.8+5.6*600/1000 -> 12.16 | G27: =8.8+5.6*730/1000 -> 12.888 | H27: =8.8+5.6*510/1000 -> 11.656 | I27: =8.8+5.6*800/1000 -> 13.28 | J27: =8.8+5.6*900/1000 -> 13.84 | K27: 10.1 | L27: 9.4 | M27: =L27/B27*C27 -> 10.035207 | N27: 11.66 | O27: 9.5 | P27: =B27 -> 8.805 | Q27: 8.805 | R27: 8.805 | S27: 8.805 | T27: 8.805 | U27: 8.805 | X27: 2 | Z27: 10.9 | AA27: 10.9 | AB27: 11 | AC27: 10.9
A28: 2044 | B28: 8.805 | C28: 9.4 | D28: =8.88652+282*6.5/1000 -> 10.71952 | E28: 11.656 | F28: =8.8+5.6*600/1000 -> 12.16 | G28: =8.8+5.6*730/1000 -> 12.888 | H28: =8.8+5.6*510/1000 -> 11.656 | I28: =8.8+5.6*800/1000 -> 13.28 | J28: =8.8+5.6*900/1000 -> 13.84 | K28: 10.1 | L28: 9.4 | M28: =L28/B28*C28 -> 10.035207 | N28: 11.66 | O28: 9.5 | P28: =B28 -> 8.805 | Q28: 8.805 | R28: 8.805 | S28: 8.805 | T28: 8.805 | U28: 8.805 | X28: 2 | Z28: 10.9 | AA28: 10.9 | AB28: 11 | AC28: 10.9
A29: 2045 | B29: 8.805 | C29: 9.4 | D29: =8.88652+282*6.5/1000 -> 10.71952 | E29: 11.656 | F29: =8.8+5.6*600/1000 -> 12.16 | G29: =8.8+5.6*730/1000 -> 12.888 | H29: =8.8+5.6*510/1000 -> 11.656 | I29: =8.8+5.6*800/1000 -> 13.28 | J29: =8.8+5.6*900/1000 -> 13.84 | K29: 10.1 | L29: 9.4 | M29: =L29/B29*C29 -> 10.035207 | N29: 11.66 | O29: 9.5 | P29: =B29 -> 8.805 | Q29: 8.805 | R29: 8.805 | S29: 8.805 | T29: 8.805 | U29: 8.805 | X29: 2 | Z29: 10.9 | AA29: 10.9 | AB29: 11 | AC29: 10.9
A30: 2046 | B30: 8.805 | C30: 9.4 | D30: =8.88652+282*6.5/1000 -> 10.71952 | E30: 11.656 | F30: =8.8+5.6*600/1000 -> 12.16 | G30: =8.8+5.6*730/1000 -> 12.888 | H30: =8.8+5.6*510/1000 -> 11.656 | I30: =8.8+5.6*800/1000 -> 13.28 | J30: =8.8+5.6*900/1000 -> 13.84 | K30: 10.1 | L30: 9.4 | M30: =L30/B30*C30 -> 10.035207 | N30: 11.66 | O30: 9.5 | P30: =B30 -> 8.805 | Q30: 8.805 | R30: 8.805 | S30: 8.805 | T30: 8.805 | U30: 8.805 | X30: 2 | Z30: 10.9 | AA30: 10.9 | AB30: 11 | AC30: 10.9
A31: 2047 | B31: 8.805 | C31: 9.4 | D31: =8.88652+282*6.5/1000 -> 10.71952 | E31: 11.656 | F31: =8.8+5.6*600/1000 -> 12.16 | G31: =8.8+5.6*730/1000 -> 12.888 | H31: =8.8+5.6*510/1000 -> 11.656 | I31: =8.8+5.6*800/1000 -> 13.28 | J31: =8.8+5.6*900/1000 -> 13.84 | K31: 10.1 | L31: 9.4 | M31: =L31/B31*C31 -> 10.035207 | N31: 11.66 | O31: 9.5 | P31: =B31 -> 8.805 | Q31: 8.805 | R31: 8.805 | S31: 8.805 | T31: 8.805 | U31: 8.805 | X31: 2 | Z31: 10.9 | AA31: 10.9 | AB31: 11 | AC31: 10.9
A32: 2048 | B32: 8.805 | C32: 9.4 | D32: =8.88652+282*6.5/1000 -> 10.71952 | E32: 11.656 | F32: =8.8+5.6*600/1000 -> 12.16 | G32: =8.8+5.6*730/1000 -> 12.888 | H32: =8.8+5.6*510/1000 -> 11.656 | I32: =8.8+5.6*800/1000 -> 13.28 | J32: =8.8+5.6*900/1000 -> 13.84 | K32: 10.1 | L32: 9.4 | M32: =L32/B32*C32 -> 10.035207 | N32: 11.66 | O32: 9.5 | P32: =B32 -> 8.805 | Q32: 8.805 | R32: 8.805 | S32: 8.805 | T32: 8.805 | U32: 8.805 | X32: 2 | Z32: 10.9 | AA32: 10.9 | AB32: 11 | AC32: 10.9
A33: 2049 | B33: 8.805 | C33: 9.4 | D33: =8.88652+282*6.5/1000 -> 10.71952 | E33: 11.656 | F33: =8.8+5.6*600/1000 -> 12.16 | G33: =8.8+5.6*730/1000 -> 12.888 | H33: =8.8+5.6*510/1000 -> 11.656 | I33: =8.8+5.6*800/1000 -> 13.28 | J33: =8.8+5.6*900/1000 -> 13.84 | K33: 10.1 | L33: 9.4 | M33: =L33/B33*C33 -> 10.035207 | N33: 11.66 | O33: 9.5 | P33: =B33 -> 8.805 | Q33: 8.805 | R33: 8.805 | S33: 8.805 | T33: 8.805 | U33: 8.805 | X33: 2 | Z33: 10.9 | AA33: 10.9 | AB33: 11 | AC33: 10.9
A34: 2050 | B34: 8.805 | C34: 9.4 | D34: =8.88652+282*6.5/1000 -> 10.71952 | E34: 11.656 | F34: =8.8+5.6*600/1000 -> 12.16 | G34: =8.8+5.6*730/1000 -> 12.888 | H34: =8.8+5.6*510/1000 -> 11.656 | I34: =8.8+5.6*800/1000 -> 13.28 | J34: =8.8+5.6*900/1000 -> 13.84 | K34: 10.1 | L34: 9.4 | M34: =L34/B34*C34 -> 10.035207 | N34: 11.66 | O34: 9.5 | P34: =B34 -> 8.805 | Q34: 8.805 | R34: 8.805 | S34: 8.805 | T34: 8.805 | U34: 8.805 | Z34: 10.9 | AA34: 10.9 | AB34: 11 | AC34: 10.9
A35: 2051 | B35: 8.805 | C35: 9.4 | D35: =8.88652+282*6.5/1000 -> 10.71952 | E35: 11.656 | F35: =8.8+5.6*600/1000 -> 12.16 | G35: =8.8+5.6*730/1000 -> 12.888 | H35: =8.8+5.6*510/1000 -> 11.656 | I35: =8.8+5.6*800/1000 -> 13.28 | J35: =8.8+5.6*900/1000 -> 13.84 | K35: 10.1 | L35: 9.4 | M35: =L35/B35*C35 -> 10.035207 | N35: 11.66 | O35: 9.5 | P35: =B35 -> 8.805 | Q35: 8.805 | R35: 8.805 | S35: 8.805 | T35: 8.805 | U35: 8.805 | Z35: 10.9 | AA35: 10.9 | AB35: 11 | AC35: 10.9
A36: 2052 | B36: 8.805 | C36: 9.4 | D36: =8.88652+282*6.5/1000 -> 10.71952 | E36: 11.656 | F36: =8.8+5.6*600/1000 -> 12.16 | G36: =8.8+5.6*730/1000 -> 12.888 | H36: =8.8+5.6*510/1000 -> 11.656 | I36: =8.8+5.6*800/1000 -> 13.28 | J36: =8.8+5.6*900/1000 -> 13.84 | K36: 10.1 | L36: 9.4 | M36: =L36/B36*C36 -> 10.035207 | N36: 11.66 | O36: 9.5 | P36: =B36 -> 8.805 | Q36: 8.805 | R36: 8.805 | S36: 8.805 | T36: 8.805 | U36: 8.805 | Z36: 10.9 | AA36: 10.9 | AB36: 11 | AC36: 10.9
A37: 2053 | B37: 8.805 | C37: 9.4 | D37: =8.88652+282*6.5/1000 -> 10.71952 | E37: 11.656 | F37: =8.8+5.6*600/1000 -> 12.16 | G37: =8.8+5.6*730/1000 -> 12.888 | H37: =8.8+5.6*510/1000 -> 11.656 | I37: =8.8+5.6*800/1000 -> 13.28 | J37: =8.8+5.6*900/1000 -> 13.84 | K37: 10.1 | L37: 9.4 | M37: =L37/B37*C37 -> 10.035207 | N37: 11.66 | O37: 9.5 | P37: =B37 -> 8.805 | Q37: 8.805 | R37: 8.805 | S37: 8.805 | T37: 8.805 | U37: 8.805 | Z37: 10.9 | AA37: 10.9 | AB37: 11 | AC37: 10.9
A38: 2054 | B38: 8.805 | C38: 9.4 | D38: =8.88652+282*6.5/1000 -> 10.71952 | E38: 11.656 | F38: =8.8+5.6*600/1000 -> 12.16 | G38: =8.8+5.6*730/1000 -> 12.888 | H38: =8.8+5.6*510/1000 -> 11.656 | I38: =8.8+5.6*800/1000 -> 13.28 | J38: =8.8+5.6*900/1000 -> 13.84 | K38: 10.1 | L38: 9.4 | M38: =L38/B38*C38 -> 10.035207 | N38: 11.66 | O38: 9.5 | P38: =B38 -> 8.805 | Q38: 8.805 | R38: 8.805 | S38: 8.805 | T38: 8.805 | U38: 8.805 | Z38: 10.9 | AA38: 10.9 | AB38: 11 | AC38: 10.9
A39: 2055 | B39: 8.805 | C39: 9.4 | D39: =8.88652+282*6.5/1000 -> 10.71952 | E39: 11.656 | F39: =8.8+5.6*600/1000 -> 12.16 | G39: =8.8+5.6*730/1000 -> 12.888 | H39: =8.8+5.6*510/1000 -> 11.656 | I39: =8.8+5.6*800/1000 -> 13.28 | J39: =8.8+5.6*900/1000 -> 13.84 | K39: 10.1 | L39: 9.4 | M39: =L39/B39*C39 -> 10.035207 | N39: 11.66 | O39: 9.5 | P39: =B39 -> 8.805 | Q39: 8.805 | R39: 8.805 | S39: 8.805 | T39: 8.805 | U39: 8.805 | Z39: 10.9 | AA39: 10.9 | AB39: 11 | AC39: 10.9
A40: 2056 | B40: 8.805 | C40: 9.4 | D40: =8.88652+282*6.5/1000 -> 10.71952 | E40: 11.656 | F40: =8.8+5.6*600/1000 -> 12.16 | G40: =8.8+5.6*730/1000 -> 12.888 | H40: =8.8+5.6*510/1000 -> 11.656 | I40: =8.8+5.6*800/1000 -> 13.28 | J40: =8.8+5.6*900/1000 -> 13.84 | K40: 10.1 | L40: 9.4 | M40: =L40/B40*C40 -> 10.035207 | N40: 11.66 | O40: 9.5 | P40: =B40 -> 8.805 | Q40: 8.805 | R40: 8.805 | S40: 8.805 | T40: 8.805 | U40: 8.805 | Z40: 10.9 | AA40: 10.9 | AB40: 11 | AC40: 10.9
A41: 2057 | B41: 8.805 | C41: 9.4 | D41: =8.88652+282*6.5/1000 -> 10.71952 | E41: 11.656 | F41: =8.8+5.6*600/1000 -> 12.16 | G41: =8.8+5.6*730/1000 -> 12.888 | H41: =8.8+5.6*510/1000 -> 11.656 | I41: =8.8+5.6*800/1000 -> 13.28 | J41: =8.8+5.6*900/1000 -> 13.84 | K41: 10.1 | L41: 9.4 | M41: =L41/B41*C41 -> 10.035207 | N41: 11.66 | O41: 9.5 | P41: =B41 -> 8.805 | Q41: 8.805 | R41: 8.805 | S41: 8.805 | T41: 8.805 | U41: 8.805 | Z41: 10.9 | AA41: 10.9 | AB41: 11 | AC41: 10.9
A42: 2058 | B42: 8.805 | C42: 9.4 | D42: =8.88652+282*6.5/1000 -> 10.71952 | E42: 11.656 | F42: =8.8+5.6*600/1000 -> 12.16 | G42: =8.8+5.6*730/1000 -> 12.888 | H42: =8.8+5.6*510/1000 -> 11.656 | I42: =8.8+5.6*800/1000 -> 13.28 | J42: =8.8+5.6*900/1000 -> 13.84 | K42: 10.1 | L42: 9.4 | M42: =L42/B42*C42 -> 10.035207 | N42: 11.66 | O42: 9.5 | P42: =B42 -> 8.805 | Q42: 8.805 | R42: 8.805 | S42: 8.805 | T42: 8.805 | U42: 8.805 | Z42: 10.9 | AA42: 10.9 | AB42: 11 | AC42: 10.9
A43: 2059 | B43: 8.805 | C43: 9.4 | D43: =8.88652+282*6.5/1000 -> 10.71952 | E43: 11.656 | F43: =8.8+5.6*600/1000 -> 12.16 | G43: =8.8+5.6*730/1000 -> 12.888 | H43: =8.8+5.6*510/1000 -> 11.656 | I43: =8.8+5.6*800/1000 -> 13.28 | J43: =8.8+5.6*900/1000 -> 13.84 | K43: 10.1 | L43: 9.4 | M43: =L43/B43*C43 -> 10.035207 | N43: 11.66 | O43: 9.5 | P43: =B43 -> 8.805 | Q43: 8.805 | R43: 8.805 | S43: 8.805 | T43: 8.805 | U43: 8.805 | Z43: 10.9 | AA43: 10.9 | AB43: 11 | AC43: 10.9
A44: 2060 | B44: 8.805 | C44: 9.4 | D44: =8.88652+282*6.5/1000 -> 10.71952 | E44: 11.656 | F44: =8.8+5.6*600/1000 -> 12.16 | G44: =8.8+5.6*730/1000 -> 12.888 | H44: =8.8+5.6*510/1000 -> 11.656 | I44: =8.8+5.6*800/1000 -> 13.28 | J44: =8.8+5.6*900/1000 -> 13.84 | K44: 10.1 | L44: 9.4 | M44: =L44/B44*C44 -> 10.035207 | N44: 11.66 | O44: 9.5 | P44: =B44 -> 8.805 | Q44: 8.805 | R44: 8.805 | S44: 8.805 | T44: 8.805 | U44: 8.805 | Z44: 10.9 | AA44: 10.9 | AB44: 11 | AC44: 10.9

Sheet totalmass
B1: DICE | C1: NGICE | D1: BEVF282 | E1: BEVF510 | F1: BEVF600 | G1: BEVF730 | H1: BEVE510 | I1: BEVF800 | J1: BEVF900 | K1: PHEV | L1: EDPHEV | M1: ELPHEV | N1: FCEV | O1: MICE | P1: EDICE | Q1: ELICE | R1: H2ICE35 | S1: H2ICE70 | T1: NH3ICE | U1: HNICE
A2: 2018 | B2: 49 | C2: 49 | D2: 49 | E2: 49 | F2: 49 | G2: 49 | H2: 49 | I2: 49 | J2: 49 | K2: 49 | L2: 49 | M2: 49 | N2: 49 | O2: 49 | P2: 49 | Q2: 49 | R2: 49 | S2: 49 | T2: 49 | U2: 49
A3: 2019 | B3: 49 | C3: 49 | D3: 49 | E3: 49 | F3: 49 | G3: 49 | H3: 49 | I3: 49 | J3: 49 | K3: 49 | L3: 49 | M3: 49 | N3: 49 | O3: 49 | P3: 49 | Q3: 49 | R3: 49 | S3: 49 | T3: 49 | U3: 49
A4: 2020 | B4: 49 | C4: 49 | D4: 49 | E4: 49 | F4: 49 | G4: 49 | H4: 49 | I4: 49 | J4: 49 | K4: 49 | L4: 49 | M4: 49 | N4: 49 | O4: 49 | P4: 49 | Q4: 49 | R4: 49 | S4: 49 | T4: 49 | U4: 49
A5: 2021 | B5: 49 | C5: 49 | D5: 49 | E5: 49 | F5: 49 | G5: 49 | H5: 49 | I5: 49 | J5: 49 | K5: 49 | L5: 49 | M5: 49 | N5: 49 | O5: 49 | P5: 49 | Q5: 49 | R5: 49 | S5: 49 | T5: 49 | U5: 49 | W5: 货车自重核载吨位明细对照一览表_回程车货运物流网
A6: 2022 | B6: 49 | C6: 49 | D6: 49 | E6: 49 | F6: 49 | G6: 49 | H6: 49 | I6: 49 | J6: 49 | K6: 49 | L6: 49 | M6: 49 | N6: 49 | O6: 49 | P6: 49 | Q6: 49 | R6: 49 | S6: 49 | T6: 49 | U6: 49
A7: 2023 | B7: 49 | C7: 49 | D7: 49 | E7: 49 | F7: 49 | G7: 49 | H7: 49 | I7: 49 | J7: 49 | K7: 49 | L7: 49 | M7: 49 | N7: 49 | O7: 49 | P7: 49 | Q7: 49 | R7: 49 | S7: 49 | T7: 49 | U7: 49
A8: 2024 | B8: 49 | C8: 49 | D8: 49 | E8: 49 | F8: 49 | G8: 49 | H8: 49 | I8: 49 | J8: 49 | K8: 49 | L8: 49 | M8: 49 | N8: 49 | O8: 49 | P8: 49 | Q8: 49 | R8: 49 | S8: 49 | T8: 49 | U8: 49
A9: 2025 | B9: 49 | C9: 49 | D9: 49 | E9: 49 | F9: 49 | G9: 49 | H9: 49 | I9: 49 | J9: 49 | K9: 49 | L9: 49 | M9: 49 | N9: 49 | O9: 49 | P9: 49 | Q9: 49 | R9: 49 | S9: 49 | T9: 49 | U9: 49
A10: 2026 | B10: 49 | C10: 49 | D10: 49 | E10: 49 | F10: 49 | G10: 49 | H10: 49 | I10: 49 | J10: 49 | K10: 49 | L10: 49 | M10: 49 | N10: 49 | O10: 49 | P10: 49 | Q10: 49 | R10: 49 | S10: 49 | T10: 49 | U10: 49
A11: 2027 | B11: 49 | C11: 49 | D11: 49 | E11: 49 | F11: 49 | G11: 49 | H11: 49 | I11: 49 | J11: 49 | K11: 49 | L11: 49 | M11: 49 | N11: 49 | O11: 49 | P11: 49 | Q11: 49 | R11: 49 | S11: 49 | T11: 49 | U11: 49
A12: 2028 | B12: 49 | C12: 49 | D12: 49 | E12: 49 | F12: 49 | G12: 49 | H12: 49 | I12: 49 | J12: 49 | K12: 49 | L12: 49 | M12: 49 | N12: 49 | O12: 49 | P12: 49 | Q12: 49 | R12: 49 | S12: 49 | T12: 49 | U12: 49
A13: 2029 | B13: 49 | C13: 49 | D13: 49 | E13: 49 | F13: 49 | G13: 49 | H13: 49 | I13: 49 | J13: 49 | K13: 49 | L13: 49 | M13: 49 | N13: 49 | O13: 49 | P13: 49 | Q13: 49 | R13: 49 | S13: 49 | T13: 49 | U13: 49
A14: 2030 | B14: 49 | C14: 49 | D14: 49 | E14: 49 | F14: 49 | G14: 49 | H14: 49 | I14: 49 | J14: 49 | K14: 49 | L14: 49 | M14: 49 | N14: 49 | O14: 49 | P14: 49 | Q14: 49 | R14: 49 | S14: 49 | T14: 49 | U14: 49
A15: 2031 | B15: 49 | C15: 49 | D15: 49 | E15: 49 | F15: 49 | G15: 49 | H15: 49 | I15: 49 | J15: 49 | K15: 49 | L15: 49 | M15: 49 | N15: 49 | O15: 49 | P15: 49 | Q15: 49 | R15: 49 | S15: 49 | T15: 49 | U15: 49
A16: 2032 | B16: 49 | C16: 49 | D16: 49 | E16: 49 | F16: 49 | G16: 49 | H16: 49 | I16: 49 | J16: 49 | K16: 49 | L16: 49 | M16: 49 | N16: 49 | O16: 49 | P16: 49 | Q16: 49 | R16: 49 | S16: 49 | T16: 49 | U16: 49
A17: 2033 | B17: 49 | C17: 49 | D17: 49 | E17: 49 | F17: 49 | G17: 49 | H17: 49 | I17: 49 | J17: 49 | K17: 49 | L17: 49 | M17: 49 | N17: 49 | O17: 49 | P17: 49 | Q17: 49 | R17: 49 | S17: 49 | T17: 49 | U17: 49
... A44: 2060 | B44: 49 | C44: 49 | D44: 49 | E44: 49 | F44: 49 | G44: 49 | H44: 49 | I44: 49 | J44: 49 | K44: 49 | L44: 49 | M44: 49 | N44: 49 | O44: 49 | P44: 49 | Q44: 49 | R44: 49 | S44: 49 | T44: 49 | U44: 49

Sheet totalmass1
B1: DICE | C1: NGICE | D1: BEVF282 | E1: BEVF423 | F1: BEVE282 | G1: BEVF729 | H1: BEVE512 | I1: BEVU729 | J1: PHEV | K1: EDPHEV | L1: ELPHEV | M1: FCEV | N1: MICE | O1: EDICE | P1: ELICE | Q1: H2ICE35 | R1: H2ICE70 | S1: NH3ICE | T1: HNICE
A2: 2018 | B2: 40 | C2: 40 | D2: 38 | E2: 37.9 | F2: 38 | G2: 37.3 | H2: 37.8 | I2: 37.3 | J2: 39 | K2: =J2 -> 39 | L2: =K2 -> 39 | M2: 37.1 | N2: 40 | O2: =B2 -> 40 | P2: 40 | Q2: 40 | R2: 40 | S2: 40 | T2: 40
A3: 2019 | B3: 40 | C3: 40 | D3: 38 | E3: 37.9 | F3: 38 | G3: 37.3 | H3: 37.8 | I3: 37.3 | J3: 39 | K3: =J3 -> 39 | L3: =K3 -> 39 | M3: 37.1 | N3: 40 | O3: =B3 -> 40 | P3: 40 | Q3: 40 | R3: 40 | S3: 40 | T3: 40
A4: 2020 | B4: 40 | C4: 40 | D4: 38 | E4: 37.9 | F4: 38 | G4: 37.3 | H4: 37.8 | I4: 37.3 | J4: 39 | K4: =J4 -> 39 | L4: =K4 -> 39 | M4: 37.1 | N4: 40 | O4: =B4 -> 40 | P4: 40 | Q4: 40 | R4: 40 | S4: 40 | T4: 40
A5: 2021 | B5: 40 | C5: 40 | D5: 38 | E5: 37.9 | F5: 38 | G5: 37.3 | H5: 37.8 | I5: 37.3 | J5: 39 | K5: =J5 -> 39 | L5: =K5 -> 39 | M5: 37.1 | N5: 40 | O5: =B5 -> 40 | P5: 40 | Q5: 40 | R5: 40 | S5: 40 | T5: 40 | V5: 货车自重核载吨位明细对照一览表_回程车货运物流网
A6: 2022 | B6: 40 | C6: 40 | D6: 38 | E6: 37.9 | F6: 38 | G6: 37.3 | H6: 37.8 | I6: 37.3 | J6: 39 | K6: =J6 -> 39 | L6: =K6 -> 39 | M6: 37.1 | N6: 40 | O6: =B6 -> 40 | P6: 40 | Q6: 40 | R6: 40 | S6: 40 | T6: 40
A7: 2023 | B7: 40 | C7: 40 | D7: 38 | E7: 37.9 | F7: 38 | G7: 37.3 | H7: 37.8 | I7: 37.3 | J7: 39 | K7: =J7 -> 39 | L7: =K7 -> 39 | M7: 37.1 | N7: 40 | O7: =B7 -> 40 | P7: 40 | Q7: 40 | R7: 40 | S7: 40 | T7: 40
A8: 2024 | B8: 40 | C8: 40 | D8: 38 | E8: 37.9 | F8: 38 | G8: 37.3 | H8: 37.8 | I8: 37.3 | J8: 39 | K8: =J8 -> 39 | L8: =K8 -> 39 | M8: 37.1 | N8: 40 | O8: =B8 -> 40 | P8: 40 | Q8: 40 | R8: 40 | S8: 40 | T8: 40
A9: 2025 | B9: 40 | C9: 40 | D9: 38 | E9: 37.9 | F9: 38 | G9: 37.3 | H9: 37.8 | I9: 37.3 | J9: 39 | K9: =J9 -> 39 | L9: =K9 -> 39 | M9: 37.1 | N9: 40 | O9: =B9 -> 40 | P9: 40 | Q9: 40 | R9: 40 | S9: 40 | T9: 40
A10: 2026 | B10: 40 | C10: 40 | D10: 38 | E10: 37.9 | F10: 38 | G10: 37.3 | H10: 37.8 | I10: 37.3 | J10: 39 | K10: =J10 -> 39 | L10: =K10 -> 39 | M10: 37.1 | N10: 40 | O10: =B10 -> 40 | P10: 40 | Q10: 40 | R10: 40 | S10: 40 | T10: 40
A11: 2027 | B11: 40 | C11: 40 | D11: 38 | E11: 37.9 | F11: 38 | G11: 37.3 | H11: 37.8 | I11: 37.3 | J11: 39 | K11: =J11 -> 39 | L11: =K11 -> 39 | M11: 37.1 | N11: 40 | O11: =B11 -> 40 | P11: 40 | Q11: 40 | R11: 40 | S11: 40 | T11: 40
A12: 2028 | B12: 40 | C12: 40 | D12: 38 | E12: 37.9 | F12: 38 | G12: 37.3 | H12: 37.8 | I12: 37.3 | J12: 39 | K12: =J12 -> 39 | L12: =K12 -> 39 | M12: 37.1 | N12: 40 | O12: =B12 -> 40 | P12: 40 | Q12: 40 | R12: 40 | S12: 40 | T12: 40
A13: 2029 | B13: 40 | C13: 40 | D13: 38 | E13: 37.9 | F13: 38 | G13: 37.3 | H13: 37.8 | I13: 37.3 | J13: 39 | K13: =J13 -> 39 | L13: =K13 -> 39 | M13: 37.1 | N13: 40 | O13: =B13 -> 40 | P13: 40 | Q13: 40 | R13: 40 | S13: 40 | T13: 40
A14: 2030 | B14: 40 | C14: 40 | D14: 38 | E14: 37.9 | F14: 38 | G14: 37.3 | H14: 37.8 | I14: 37.3 | J14: 39 | K14: =J14 -> 39 | L14: =K14 -> 39 | M14: 37.1 | N14: 40 | O14: =B14 -> 40 | P14: 40 | Q14: 40 | R14: 40 | S14: 40 | T14: 40
A15: 2031 | B15: 40 | C15: 40 | D15: 38 | E15: 37.9 | F15: 38 | G15: 37.3 | H15: 37.8 | I15: 37.3 | J15: 39 | K15: =J15 -> 39 | L15: =K15 -> 39 | M15: 37.1 | N15: 40 | O15: =B15 -> 40 | P15: 40 | Q15: 40 | R15: 40 | S15: 40 | T15: 40
A16: 2032 | B16: 40 | C16: 40 | D16: 38 | E16: 37.9 | F16: 38 | G16: 37.3 | H16: 37.8 | I16: 37.3 | J16: 39 | K16: =J16 -> 39 | L16: =K16 -> 39 | M16: 37.1 | N16: 40 | O16: =B16 -> 40 | P16: 40 | Q16: 40 | R16: 40 | S16: 40 | T16: 40
A17: 2033 | B17: 40 | C17: 40 | D17: 38 | E17: 37.9 | F17: 38 | G17: 37.3 | H17: 37.8 | I17: 37.3 | J17: 39 | K17: =J17 -> 39 | L17: =K17 -> 39 | M17: 37.1 | N17: 40 | O17: =B17 -> 40 | P17: 40 | Q17: 40 | R17: 40 | S17: 40 | T17: 40
... A43: 2059 | B43: 40 | C43: 40 | D43: 38 | E43: 37.9 | F43: 38 | G43: 37.3 | H43: 37.8 | I43: 37.3 | J43: 39 | K43: =J43 -> 39 | L43: =K43 -> 39 | M43: 37.1 | N43: 40 | O43: =B43 -> 40 | P43: 40 | Q43: 40 | R43: 40 | S43: 40 | T43: 40
A44: 2060 | B44: 40 | C44: 40 | D44: 38 | E44: 37.9 | F44: 38 | G44: 37.3 | H44: 37.8 | I44: 37.3 | J44: 39 | K44: =J44 -> 39 | L44: =K44 -> 39 | M44: 37.1 | N44: 40 | O44: =B44 -> 40 | P44: 40 | Q44: 40 | R44: 40 | T44: 40

Sheet batteryrent
A1: 0 | B1: DICE | C1: NGICE | D1: BEVF282 | E1: BEVF510 | F1: BEVF600 | G1: BEVF730 | H1: BEVE510 | I1: BEVF800 | J1: BEVF900 | K1: PHEV | L1: EDPHEV | M1: ELPHEV | N1: FCEV | O1: MICE | P1: EDICE | Q1: ELICE | R1: H2ICE35 | S1: H2ICE70 | T1: NH3ICE | U1: HNICE
A2: 2018 | B2: 0 | C2: 0 | D2: 0 | E2: 0 | F2: 0 | G2: 0 | H2: 7568.9046 | I2: 0 | J2: 0 | K2: 0 | L2: =Q2 -> 0 | M2: 0 | N2: 0 | O2: 0 | P2: 0 | Q2: 0 | R2: 0 | S2: 0 | T2: 0 | U2: 0
A3: 2019 | B3: 0 | C3: 0 | D3: 0 | E3: 0 | F3: 0 | G3: 0 | H3: 7478.7986 | I3: 0 | J3: 0 | K3: 0 | L3: =Q3 -> 0 | M3: 0 | N3: 0 | O3: 0 | P3: 0 | Q3: 0 | R3: 0 | S3: 0 | T3: 0 | U3: 0
A4: 2020 | B4: 0 | C4: 0 | D4: 0 | E4: 0 | F4: 0 | G4: 0 | H4: 7388.6926 | I4: 0 | J4: 0 | K4: 0 | L4: =Q4 -> 0 | M4: 0 | N4: 0 | O4: 0 | P4: 0 | Q4: 0 | R4: 0 | S4: 0 | T4: 0 | U4: 0
A5: 2021 | B5: 0 | C5: 0 | D5: 0 | E5: 0 | F5: 0 | G5: 0 | H5: 7298.5866 | I5: 0 | J5: 0 | K5: 0 | L5: =Q5 -> 0 | M5: 0 | N5: 0 | O5: 0 | P5: 0 | Q5: 0 | R5: 0 | S5: 0 | T5: 0 | U5: 0
A6: 2022 | B6: 0 | C6: 0 | D6: 0 | E6: 0 | F6: 0 | G6: 0 | H6: 7208.4806 | I6: 0 | J6: 0 | K6: 0 | L6: =Q6 -> 0 | M6: 0 | N6: 0 | O6: 0 | P6: 0 | Q6: 0 | R6: 0 | S6: 0 | T6: 0 | U6: 0
A7: 2023 | B7: 0 | C7: 0 | D7: 0 | E7: 0 | F7: 0 | G7: 0 | H7: 7118.3746 | I7: 0 | J7: 0 | K7: 0 | L7: =Q7 -> 0 | M7: 0 | N7: 0 | O7: 0 | P7: 0 | Q7: 0 | R7: 0 | S7: 0 | T7: 0 | U7: 0
A8: 2024 | B8: 0 | C8: 0 | D8: 0 | E8: 0 | F8: 0 | G8: 0 | H8: 7028.2686 | I8: 0 | J8: 0 | K8: 0 | L8: =Q8 -> 0 | M8: 0 | N8: 0 | O8: 0 | P8: 0 | Q8: 0 | R8: 0 | S8: 0 | T8: 0 | U8: 0
A9: 2025 | B9: 0 | C9: 0 | D9: 0 | E9: 0 | F9: 0 | G9: 0 | H9: 6938.1625 | I9: 0 | J9: 0 | K9: 0 | L9: =Q9 -> 0 | M9: 0 | N9: 0 | O9: 0 | P9: 0 | Q9: 0 | R9: 0 | S9: 0 | T9: 0 | U9: 0
A10: 2026 | B10: 0 | C10: 0 | D10: 0 | E10: 0 | F10: 0 | G10: 0 | H10: 6848.0565 | I10: 0 | J10: 0 | K10: 0 | L10: =Q10 -> 0 | M10: 0 | N10: 0 | O10: 0 | P10: 0 | Q10: 0 | R10: 0 | S10: 0 | T10: 0 | U10: 0
A11: 2027 | B11: 0 | C11: 0 | D11: 0 | E11: 0 | F11: 0 | G11: 0 | H11: 6757.9505 | I11: 0 | J11: 0 | K11: 0 | L11: =Q11 -> 0 | M11: 0 | N11: 0 | O11: 0 | P11: 0 | Q11: 0 | R11: 0 | S11: 0 | T11: 0 | U11: 0
A12: 2028 | B12: 0 | C12: 0 | D12: 0 | E12: 0 | F12: 0 | G12: 0 | H12: 6667.8445 | I12: 0 | J12: 0 | K12: 0 | L12: =Q12 -> 0 | M12: 0 | N12: 0 | O12: 0 | P12: 0 | Q12: 0 | R12: 0 | S12: 0 | T12: 0 | U12: 0
A13: 2029 | B13: 0 | C13: 0 | D13: 0 | E13: 0 | F13: 0 | G13: 0 | H13: 6577.7385 | I13: 0 | J13: 0 | K13: 0 | L13: =Q13 -> 0 | M13: 0 | N13: 0 | O13: 0 | P13: 0 | Q13: 0 | R13: 0 | S13: 0 | T13: 0 | U13: 0
... A44: 2060 | B44: 0 | C44: 0 | D44: 0 | E44: 0 | F44: 0 | G44: 0 | H44: 5045.9364 | I44: 0 | J44: 0 | K44: 0 | L44: =Q44 -> 0 | M44: 0 | N44: 0 | O44: 0 | P44: 0 | Q44: 0 | R44: 0 | S44: 0 | T44: 0 | U44: 0

Sheet batteryprice
A1: 0 | B1: DICE | C1: NGICE | D1: BEVF282 | E1: BEVF510 | F1: BEVF600 | G1: BEVF730 | H1: BEVE510 | I1: BEVF800 | J1: BEVF900 | K1: PHEV | L1: EDPHEV | M1: ELPHEV | N1: FCEV | O1: MICE | P1: EDICE | Q1: ELICE | R1: H2ICE35 | S1: H2ICE70 | T1: NH3ICE | U1: HNICE | Y1: x电池密度 | Z1: 2.5 | AA1: 4 | AB1: 5.5 | AC1: 6.25
A2: 2018 | B2: 0 | C2: 0 | D2: 1300 | E2: 1300 | F2: 1300 | G2: 1300 | H2: 1300 | I2: 1300 | J2: 1300 | K2: 1300 | L2: 1300 | M2: 1300 | N2: 1300 | O2: 0 | P2: 0 | Q2: 0 | R2: 0 | S2: 0 | T2: 0 | U2: 0 | Y2: y单位电池价格 | Z2: 3 | AA2: 1 | AB2: 0.75 | AC2: 0.65
A3: 2019 | B3: 0 | C3: 0 | D3: 1300 | E3: 1300 | F3: 1300 | G3: 1300 | H3: 1300 | I3: 1300 | J3: 1300 | K3: 1300 | L3: 1300 | M3: 1300 | N3: 1300 | O3: 0 | P3: 0 | Q3: 0 | R3: 0 | S3: 0 | T3: 0 | U3: 0 | Y3: y3拟合价格 | Z3: 3.0484726 | AA3: 1.180787 | AB3: 0.68186224 | AC3: 0.59399574
A4: 2020 | B4: 0 | C4: 0 | D4: 1300 | E4: 1300 | F4: 1300 | G4: 1300 | H4: 1300 | I4: 1300 | J4: 1300 | K4: 1300 | L4: 1300 | M4: 1300 | N4: 1300 | O4: 0 | P4: 0 | Q4: 0 | R4: 0 | S4: 0 | T4: 0 | U4: 0
A5: 2021 | B5: 0 | C5: 0 | D5: 1250 | E5: 1250 | F5: 1250 | G5: 1250 | H5: 1250 | I5: 1250 | J5: 1250 | K5: 1250 | L5: 1250 | M5: 1250 | N5: 1250 | O5: 0 | P5: 0 | Q5: 0 | R5: 0 | S5: 0 | T5: 0 | U5: 0
A6: 2022 | B6: 0 | C6: 0 | D6: 1100 | E6: 1100 | F6: 1100 | G6: 1100 | H6: 1100 | I6: 1100 | J6: 1100 | K6: 1100 | L6: 1100 | M6: 1100 | N6: 1100 | O6: 0 | P6: 0 | Q6: 0 | R6: 0 | S6: 0 | T6: 0 | U6: 0
A7: 2023 | B7: 0 | C7: 0 | D7: 1000 | E7: 1000 | F7: 1000 | G7: 1000 | H7: 1000 | I7: 1000 | J7: 1000 | K7: 1000 | L7: 1000 | M7: 1000 | N7: 1000 | O7: 0 | P7: 0 | Q7: 0 | R7: 0 | S7: 0 | T7: 0 | U7: 0
A8: 2024 | B8: 0 | C8: 0 | D8: 957.14286 | E8: 957.14286 | F8: 957.14286 | G8: 957.14286 | H8: 957.14286 | I8: 957.14286 | J8: 957.14286 | K8: 957.14286 | L8: 957.14286 | M8: 957.14286 | N8: 957.14286 | O8: 0 | P8: 0 | Q8: 0 | R8: 0 | S8: 0 | T8: 0 | U8: 0
A9: 2025 | B9: 0 | C9: 0 | D9: 914.28571 | E9: 914.28571 | F9: 914.28571 | G9: 914.28571 | H9: 914.28571 | I9: 914.28571 | J9: 914.28571 | K9: 914.28571 | L9: 914.28571 | M9: 914.28571 | N9: 914.28571 | O9: 0 | P9: 0 | Q9: 0 | R9: 0 | S9: 0 | T9: 0 | U9: 0
A10: 2026 | B10: 0 | C10: 0 | D10: 871.42857 | E10: 871.42857 | F10: 871.42857 | G10: 871.42857 | H10: 871.42857 | I10: 871.42857 | J10: 871.42857 | K10: 871.42857 | L10: 871.42857 | M10: 871.42857 | N10: 871.42857 | O10: 0 | P10: 0 | Q10: 0 | R10: 0 | S10: 0 | T10: 0 | U10: 0
A11: 2027 | B11: 0 | C11: 0 | D11: 828.57143 | E11: 828.57143 | F11: 828.57143 | G11: 828.57143 | H11: 828.57143 | I11: 828.57143 | J11: 828.57143 | K11: 828.57143 | L11: 828.57143 | M11: 828.57143 | N11: 828.57143 | O11: 0 | P11: 0 | Q11: 0 | R11: 0 | S11: 0 | T11: 0 | U11: 0
A12: 2028 | B12: 0 | C12: 0 | D12: 785.71429 | E12: 785.71429 | F12: 785.71429 | G12: 785.71429 | H12: 785.71429 | I12: 785.71429 | J12: 785.71429 | K12: 785.71429 | L12: 785.71429 | M12: 785.71429 | N12: 785.71429 | O12: 0 | P12: 0 | Q12: 0 | R12: 0 | S12: 0 | T12: 0 | U12: 0
A13: 2029 | B13: 0 | C13: 0 | D13: 742.85714 | E13: 742.85714 | F13: 742.85714 | G13: 742.85714 | H13: 742.85714 | I13: 742.85714 | J13: 742.85714 | K13: 742.85714 | L13: 742.85714 | M13: 742.85714 | N13: 742.85714 | O13: 0 | P13: 0 | Q13: 0 | R13: 0 | S13: 0 | T13: 0 | U13: 0
A14: 2030 | B14: 0 | C14: 0 | D14: 700 | E14: 700 | F14: 700 | G14: 700 | H14: 700 | I14: 700 | J14: 700 | K14: 700 | L14: 700 | M14: 700 | N14: 700 | O14: 0 | P14: 0 | Q14: 0 | R14: 0 | S14: 0 | T14: 0 | U14: 0
A15: 2031 | B15: 0 | C15: 0 | D15: 695 | E15: 695 | F15: 695 | G15: 695 | H15: 695 | I15: 695 | J15: 695 | K15: 695 | L15: 695 | M15: 695 | N15: 695 | O15: 0 | P15: 0 | Q15: 0 | R15: 0 | S15: 0 | T15: 0 | U15: 0
... A44: 2060 | B44: 0 | C44: 0 | D44: 450 | E44: 450 | F44: 450 | G44: 450 | H44: 450 | I44: 450 | J44: 450 | K44: 450 | L44: 450 | M44: 450 | N44: 450 | O44: 0 | P44: 0 | Q44: 0 | R44: 0 | S44: 0 | T44: 0 | U44: 0

Sheet mmcost
A1: 0 | B1: DICE | C1: NGICE | D1: BEVF282 | E1: BEVF510 | F1: BEVF600 | G1: BEVF730 | H1: BEVE510 | I1: BEVF800 | J1: BEVF900 | K1: PHEV | L1: EDPHEV | M1: ELPHEV | N1: FCEV | O1: MICE | P1: EDICE | Q1: ELICE | R1: H2ICE35 | S1: H2ICE70 | T1: NH3ICE | U1: HNICE | X1: 讨论一下电动重卡和燃油车
A2: h_trailer_hwl | B2: 18 | C2: 18 | D2: =0.8*B2 -> 14.4 | E2: =0.7*C2 -> 12.6 | F2: =E2 -> 12.6 | G2: =E2 -> 12.6 | H2: =F2 -> 12.6 | I2: =E2 -> 12.6 | J2: =E2 -> 12.6 | K2: =1.2*B2 -> 21.6 | L2: =B2*1.5 -> 27 | M2: =L2 -> 27 | N2: =0.9*B2 -> 16.2 | O2: =1.2*B2 -> 21.6 | P2: =B2 -> 18 | Q2: 10 | R2: =1.1*B2 -> 19.8 | S2: =1.1*B2 -> 19.8 | T2: 10 | U2: 10
A3: h_trailer_hws | B3: 18 | C3: 18 | D3: =0.8*B3 -> 14.4 | E3: =0.7*C3 -> 12.6 | F3: =E3 -> 12.6 | G3: =E3 -> 12.6 | H3: =F3 -> 12.6 | I3: =E3 -> 12.6 | J3: =E3 -> 12.6 | K3: =1.2*B3 -> 21.6 | L3: =B3*1.5 -> 27 | M3: =L3 -> 27 | N3: =0.9*B3 -> 16.2 | O3: =1.2*B3 -> 21.6 | P3: =B3 -> 18 | Q3: 10 | R3: =1.1*B3 -> 19.8 | S3: =1.1*B3 -> 19.8 | T3: 10 | U3: 10
A4: h_trailer_hwm | B4: 18 | C4: 18 | D4: =0.8*B4 -> 14.4 | E4: =0.7*C4 -> 12.6 | F4: =E4 -> 12.6 | G4: =E4 -> 12.6 | H4: =F4 -> 12.6 | I4: =E4 -> 12.6 | J4: =E4 -> 12.6 | K4: =1.2*B4 -> 21.6 | L4: =B4*1.5 -> 27 | M4: =L4 -> 27 | N4: =0.9*B4 -> 16.2 | O4: =1.2*B4 -> 21.6 | P4: =B4 -> 18 | Q4: 10 | R4: =1.1*B4 -> 19.8 | S4: =1.1*B4 -> 19.8 | T4: 10 | U4: 10

Sheet mmavalibility
A1: 0 | B1: DICE | C1: NGICE | D1: BEVF282 | E1: BEVF510 | F1: BEVF600 | G1: BEVF730 | H1: BEVE510 | I1: BEVF800 | J1: BEVF900 | K1: PHEV | L1: EDPHEV | M1: ELPHEV | N1: FCEV | O1: MICE | P1: EDICE | Q1: ELICE | R1: H2ICE35 | S1: H2ICE70 | T1: NH3ICE | U1: HNICE
A2: 2018 | B2: 1 | C2: 0.3 | D2: 0.8 | E2: 0.08 | F2: =G2 -> 0.08 | G2: 0.08 | H2: 0.05 | I2: =H2 -> 0.05 | J2: =H2 -> 0.05 | K2: =N2*0.17 -> 0.00034 | L2: =K2 -> 0.00034 | M2: =L2 -> 0.00034 | N2: 0.002 | O2: 0.002 | P2: =Q2 -> 0.01 | Q2: 0.01 | R2: 0.2 | S2: =M2 -> 0.00034 | T2: 0.46 | U2: 0.46
A3: 2019 | B3: 1 | C3: 0.33 | D3: 0.82 | E3: 0.11 | F3: =G3 -> 0.11 | G3: 0.11 | H3: 0.06 | I3: =H3 -> 0.06 | J3: =H3 -> 0.06 | K3: =N3*0.17 -> 0.00085 | L3: =K3 -> 0.00085 | M3: =L3 -> 0.00085 | N3: 0.005 | O3: 0.005 | P3: =Q3 -> 0.02 | Q3: 0.02 | R3: 0.24 | S3: =M3 -> 0.00085 | T3: 0.484 | U3: 0.484
A4: 2020 | B4: 1 | C4: 0.36 | D4: 0.84 | E4: 0.14 | F4: =G4 -> 0.14 | G4: 0.14 | H4: 0.07 | I4: =H4 -> 0.07 | J4: =H4 -> 0.07 | K4: =N4*0.17 -> 0.00136 | L4: =K4 -> 0.00136 | M4: =L4 -> 0.00136 | N4: 0.008 | O4: 0.008 | P4: =Q4 -> 0.04 | Q4: 0.04 | R4: 0.28 | S4: =M4 -> 0.00136 | T4: 0.508 | U4: 0.508
A5: 2021 | B5: 1 | C5: 0.39 | D5: 0.86 | E5: 0.17 | F5: =G5 -> 0.17 | G5: 0.17 | H5: 0.08 | I5: =H5 -> 0.08 | J5: =H5 -> 0.08 | K5: =N5*0.17 -> 0.00187 | L5: =K5 -> 0.00187 | M5: =L5 -> 0.00187 | N5: 0.011 | O5: 0.011 | P5: =Q5 -> 0.06 | Q5: 0.06 | R5: 0.32 | S5: =M5 -> 0.00187 | T5: 0.532 | U5: 0.532
A6: 2022 | B6: 1 | C6: 0.42 | D6: 0.88 | E6: 0.2 | F6: =G6 -> 0.2 | G6: 0.2 | H6: 0.09 | I6: =H6 -> 0.09 | J6: =H6 -> 0.09 | K6: =N6*0.17 -> 0.00238 | L6: =K6 -> 0.00238 | M6: =L6 -> 0.00238 | N6: 0.014 | O6: 0.014 | P6: =Q6 -> 0.08 | Q6: 0.08 | R6: 0.36 | S6: =M6 -> 0.00238 | T6: 0.556 | U6: 0.556
A7: 2023 | B7: 1 | C7: 0.45 | D7: 0.9 | E7: 0.23 | F7: =G7 -> 0.23 | G7: 0.23 | H7: 0.1 | I7: =H7 -> 0.1 | J7: =H7 -> 0.1 | K7: =N7*0.17 -> 0.00289 | L7: =K7 -> 0.00289 | M7: =L7 -> 0.00289 | N7: 0.017 | O7: 0.017 | P7: =Q7 -> 0.1 | Q7: 0.1 | R7: 0.4 | S7: =M7 -> 0.00289 | T7: 0.58 | U7: 0.58
A8: 2024 | B8: 1 | C8: 0.48 | D8: 0.92 | E8: 0.26 | F8: =G8 -> 0.26 | G8: 0.26 | H8: 0.13 | I8: =H8 -> 0.13 | J8: =H8 -> 0.13 | K8: =N8*0.17 -> 0.0034 | L8: =K8 -> 0.0034 | M8: =L8 -> 0.0034 | N8: 0.02 | O8: 0.02 | P8: =Q8 -> 0.12 | Q8: 0.12 | R8: 0.44 | S8: =M8 -> 0.0034 | T8: 0.604 | U8: 0.604
A9: 2025 | B9: 1 | C9: 0.51 | D9: 0.94 | E9: 0.29 | F9: =G9 -> 0.29 | G9: 0.29 | H9: 0.16 | I9: =H9 -> 0.16 | J9: =H9 -> 0.16 | K9: =N9*0.17 -> 0.0085 | L9: =K9 -> 0.0085 | M9: =L9 -> 0.0085 | N9: 0.05 | O9: =N9*1.1 -> 0.055 | P9: =Q9 -> 0.14 | Q9: 0.14 | R9: 0.48 | S9: =M9 -> 0.0085 | T9: 0.628 | U9: 0.628
A10: 2026 | B10: 1 | C10: 0.54 | D10: 0.96 | E10: 0.32 | F10: =G10 -> 0.32 | G10: 0.32 | H10: 0.19 | I10: =H10 -> 0.19 | J10: =H10 -> 0.19 | K10: =N10*0.17 -> 0.0136 | L10: =K10 -> 0.0136 | M10: =L10 -> 0.0136 | N10: 0.08 | O10: =N10*1.1 -> 0.088 | P10: =Q10 -> 0.16 | Q10: 0.16 | R10: 0.52 | S10: =M10 -> 0.0136 | T10: 0.652 | U10: 0.652
A11: 2027 | B11: 1 | C11: 0.57 | D11: 0.98 | E11: 0.35 | F11: =G11 -> 0.35 | G11: 0.35 | H11: 0.22 | I11: =H11 -> 0.22 | J11: =H11 -> 0.22 | K11: =N11*0.17 -> 0.0187 | L11: =K11 -> 0.0187 | M11: =L11 -> 0.0187 | N11: 0.11 | O11: =N11*1.1 -> 0.121 | P11: =Q11 -> 0.18 | Q11: 0.18 | R11: 0.56 | S11: =M11 -> 0.0187 | T11: 0.676 | U11: 0.676
A12: 2028 | B12: 1 | C12: 0.6 | D12: 1 | E12: 0.38 | F12: =G12 -> 0.38 | G12: 0.38 | H12: 0.25 | I12: =H12 -> 0.25 | J12: =H12 -> 0.25 | K12: =N12*0.17 -> 0.0238 | L12: =K12 -> 0.0238 | M12: =L12 -> 0.0238 | N12: 0.14 | O12: =N12*1.1 -> 0.154 | P12: =Q12 -> 0.2 | Q12: 0.2 | R12: 0.6 | S12: =M12 -> 0.0238 | T12: 0.7 | U12: 0.7
A13: 2029 | B13: 1 | C13: 0.63 | D13: 1 | E13: 0.41 | F13: =G13 -> 0.41 | G13: 0.41 | H13: 0.28 | I13: =H13 -> 0.28 | J13: =H13 -> 0.28 | K13: =N13*0.17 -> 0.0289 | L13: =K13 -> 0.0289 | M13: =L13 -> 0.0289 | N13: 0.17 | O13: =N13*1.1 -> 0.187 | P13: =Q13 -> 0.22 | Q13: 0.22 | R13: 0.64 | S13: =M13 -> 0.0289 | T13: 0.724 | U13: 0.724
A14: 2030 | B14: 1 | C14: 0.66 | D14: 1 | E14: 0.44 | F14: =G14 -> 0.44 | G14: 0.44 | H14: 0.31 | I14: =H14 -> 0.31 | J14: =H14 -> 0.31 | K14: =N14*0.17 -> 0.034 | L14: =K14 -> 0.034 | M14: =L14 -> 0.034 | N14: 0.2 | O14: =N14*1.1 -> 0.22 | P14: =Q14 -> 0.24 | Q14: 0.24 | R14: 0.68 | S14: =M14 -> 0.034 | T14: 0.748 | U14: 0.748
A15: 2031 | B15: 1 | C15: 0.69 | D15: 1 | E15: 0.47 | F15: =G15 -> 0.47 | G15: 0.47 | H15: 0.34 | I15: =H15 -> 0.34 | J15: =H15 -> 0.34 | K15: =N15*0.17 -> 0.0391 | L15: =K15 -> 0.0391 | M15: =L15 -> 0.0391 | N15: 0.23 | O15: =N15*1.1 -> 0.253 | P15: =Q15 -> 0.26 | Q15: 0.26 | R15: 0.72 | S15: =M15 -> 0.0391 | T15: 0.772 | U15: 0.772
A16: 2032 | B16: 1 | C16: 0.72 | D16: 1 | E16: 0.5 | F16: =G16 -> 0.5 | G16: 0.5 | H16: 0.37 | I16: =H16 -> 0.37 | J16: =H16 -> 0.37 | K16: =N16*0.17 -> 0.0442 | L16: =K16 -> 0.0442 | M16: =L16 -> 0.0442 | N16: 0.26 | O16: =N16*1.1 -> 0.286 | P16: =Q16 -> 0.36 | Q16: 0.36 | R16: 0.76 | S16: =M16 -> 0.0442 | T16: 0.796 | U16: 0.796
A17: 2033 | B17: 1 | C17: 0.75 | D17: 1 | E17: 0.53 | F17: =G17 -> 0.53 | G17: 0.53 | H17: 0.4 | I17: =H17 -> 0.4 | J17: =H17 -> 0.4 | K17: =N17*0.17 -> 0.0493 | L17: =K17 -> 0.0493 | M17: =L17 -> 0.0493 | N17: 0.29 | O17: =N17*1.1 -> 0.319 | P17: =Q17 -> 0.42 | Q17: 0.42 | R17: 0.8 | S17: =M17 -> 0.0493 | T17: 0.82 | U17: 0.82
A18: 2034 | B18: 1 | C18: 0.78 | D18: 1 | E18: 0.56 | F18: =G18 -> 0.56 | G18: 0.56 | H18: 0.43 | I18: =H18 -> 0.43 | J18: =H18 -> 0.43 | K18: =N18*0.17 -> 0.0544 | L18: =K18 -> 0.0544 | M18: =L18 -> 0.0544 | N18: 0.32 | O18: =N18*1.1 -> 0.352 | P18: =Q18 -> 0.48 | Q18: 0.48 | R18: 0.84 | S18: =M18 -> 0.0544 | T18: 0.844 | U18: 0.844
A19: 2035 | B19: 1 | C19: 0.81 | D19: 1 | E19: 0.59 | F19: =G19 -> 0.59 | G19: 0.59 | H19: 0.46 | I19: =H19 -> 0.46 | J19: =H19 -> 0.46 | K19: =N19*0.17 -> 0.0595 | L19: =K19 -> 0.0595 | M19: =L19 -> 0.0595 | N19: 0.35 | O19: =N19*1.1 -> 0.385 | P19: =Q19 -> 0.54 | Q19: 0.54 | R19: 0.88 | S19: =M19 -> 0.0595 | T19: 0.868 | U19: 0.868
A20: 2036 | B20: 1 | C20: 0.84 | D20: 1 | E20: 0.62 | F20: =G20 -> 0.62 | G20: 0.62 | H20: 0.49 | I20: =H20 -> 0.49 | J20: =H20 -> 0.49 | K20: =N20*0.17 -> 0.0646 | L20: =K20 -> 0.0646 | M20: =L20 -> 0.0646 | N20: 0.38 | O20: =N20*1.1 -> 0.418 | P20: =Q20 -> 0.6 | Q20: 0.6 | R20: 0.92 | S20: =M20 -> 0.0646 | T20: 0.892 | U20: 0.892
... A33: 2049 | B33: 1 | C33: 1 | D33: 1 | E33: 1 | F33: =G33 -> 1 | G33: 1 | H33: 0.88 | I33: =H33 -> 0.88 | J33: =H33 -> 0.88 | K33: =N33*0.17 -> 0.1309 | L33: =K33 -> 0.1309 | M33: =L33 -> 0.1309 | N33: 0.77 | O33: =N33*1.1 -> 0.847 | P33: =Q33 -> 1 | Q33: 1 | R33: 1 | S33: =M33 -> 0.1309 | T33: 1 | U33: 1
A34: 2050 | B34: 1 | C34: 1 | D34: 1 | E34: 1 | F34: =G34 -> 1 | G34: 1 | H34: 0.91 | I34: =H34 -> 0.91 | J34: =H34 -> 0.91 | K34: =N34*0.17 -> 0.136 | L34: =K34 -> 0.136 | M34: =L34 -> 0.136 | N34: 0.8 | O34: =N34*1.1 -> 0.88 | P34: =Q34 -> 0.88 | Q34: =O34 -> 0.88 | R34: 1 | S34: =M34 -> 0.136 | T34: 1 | U34: 1
A35: 2051 | B35: 1 | C35: 1 | D35: 1 | E35: 1 | F35: =G35 -> 1 | G35: 1 | H35: 0.94 | I35: =H35 -> 0.94 | J35: =H35 -> 0.94 | K35: =N35*0.17 -> 0.1411 | L35: =K35 -> 0.1411 | M35: =L35 -> 0.1411 | N35: 0.83 | O35: =N35*1.1 -> 0.913 | P35: =Q35 -> 0.913 | Q35: =O35 -> 0.913 | R35: 1 | S35: =M35 -> 0.1411 | T35: 1 | U35: 1
A36: 2052 | B36: 1 | C36: 1 | D36: 1 | E36: 1 | F36: =G36 -> 1 | G36: 1 | H36: 0.97 | I36: =H36 -> 0.97 | J36: =H36 -> 0.97 | K36: =N36*0.17 -> 0.1462 | L36: =K36 -> 0.1462 | M36: =L36 -> 0.1462 | N36: 0.86 | O36: =N36*1.1 -> 0.946 | P36: =Q36 -> 0.946 | Q36: =O36 -> 0.946 | R36: 1 | S36: =M36 -> 0.1462 | T36: 1 | U36: 1
A37: 2053 | B37: 1 | C37: 1 | D37: 1 | E37: 1 | F37: =G37 -> 1 | G37: 1 | H37: =G37 -> 1 | I37: =H37 -> 1 | J37: =H37 -> 1 | K37: =N37*0.17 -> 0.1513 | L37: =K37 -> 0.1513 | M37: =L37 -> 0.1513 | N37: 0.89 | O37: =N37*1.1 -> 0.979 | P37: =Q37 -> 0.979 | Q37: =O37 -> 0.979 | R37: 1 | S37: =M37 -> 0.1513 | T37: 1 | U37: 1
A38: 2054 | B38: 1 | C38: 1 | D38: 1 | E38: 1 | F38: =G38 -> 1 | G38: 1 | H38: =G38 -> 1 | I38: =H38 -> 1 | J38: =H38 -> 1 | K38: =N38*0.17 -> 0.1564 | L38: =K38 -> 0.1564 | M38: =L38 -> 0.1564 | N38: 0.92 | O38: =N38*1.1 -> 1.012 | P38: =Q38 -> 1.012 | Q38: =O38 -> 1.012 | R38: 1 | S38: =M38 -> 0.1564 | T38: 1 | U38: 1
A39: 2055 | B39: 1 | C39: 1 | D39: 1 | E39: 1 | F39: =G39 -> 1 | G39: 1 | H39: =G39 -> 1 | I39: =H39 -> 1 | J39: =H39 -> 1 | K39: =N39*0.17 -> 0.1615 | L39: =K39 -> 0.1615 | M39: =L39 -> 0.1615 | N39: 0.95 | O39: =N39*1.1 -> 1.045 | P39: =Q39 -> 1.045 | Q39: =O39 -> 1.045 | R39: 1 | S39: =M39 -> 0.1615 | T39: 1 | U39: 1
A40: 2056 | B40: 1 | C40: 1 | D40: 1 | E40: 1 | F40: =G40 -> 1 | G40: 1 | H40: =G40 -> 1 | I40: =H40 -> 1 | J40: =H40 -> 1 | K40: =N40*0.17 -> 0.1666 | L40: =K40 -> 0.1666 | M40: =L40 -> 0.1666 | N40: 0.98 | O40: =N40*1.1 -> 1.078 | P40: =Q40 -> 1.078 | Q40: =O40 -> 1.078 | R40: 1 | S40: =M40 -> 0.1666 | T40: 1 | U40: 1
A41: 2057 | B41: 1 | C41: 1 | D41: 1 | E41: 1 | F41: =G41 -> 1 | G41: 1 | H41: =G41 -> 1 | I41: =H41 -> 1 | J41: =H41 -> 1 | K41: =N41*0.17 -> 0.17 | L41: =K41 -> 0.17 | M41: =L41 -> 0.17 | N41: 1 | O41: =N41*1.1 -> 1.1 | P41: =Q41 -> 1.1 | Q41: =O41 -> 1.1 | R41: 1 | S41: =M41 -> 0.17 | T41: 1 | U41: 1
A42: 2058 | B42: 1 | C42: 1 | D42: 1 | E42: 1 | F42: =G42 -> 1 | G42: 1 | H42: =G42 -> 1 | I42: =H42 -> 1 | J42: =H42 -> 1 | K42: =N42*0.17 -> 0.17 | L42: =K42 -> 0.17 | M42: =L42 -> 0.17 | N42: 1 | O42: =N42*1.1 -> 1.1 | P42: =Q42 -> 1.1 | Q42: =O42 -> 1.1 | R42: 1 | S42: =M42 -> 0.17 | T42: 1 | U42: 1
A43: 2059 | B43: 1 | C43: 1 | D43: 1 | E43: 1 | F43: =G43 -> 1 | G43: 1 | H43: =G43 -> 1 | I43: =H43 -> 1 | J43: =H43 -> 1 | K43: =N43*0.17 -> 0.17 | L43: =K43 -> 0.17 | M43: =L43 -> 0.17 | N43: 1 | O43: =N43*1.1 -> 1.1 | P43: =Q43 -> 1.1 | Q43: =O43 -> 1.1 | R43: 1 | S43: =M43 -> 0.17 | T43: 1 | U43: 1
A44: 2060 | B44: 1 | C44: 1 | D44: 1 | E44: 1 | F44: =G44 -> 1 | G44: 1 | H44: =G44 -> 1 | I44: =H44 -> 1 | J44: =H44 -> 1 | K44: =N44*0.17 -> 0.17 | L44: =K44 -> 0.17 | M44: =L44 -> 0.17 | N44: 1 | O44: =N44*1.1 -> 1.1 | P44: =Q44 -> 1.1 | Q44: =O44 -> 1.1 | R44: 1 | S44: =M44 -> 0.17 | T44: 1 | U44: 1

Sheet retirekm
A1: 0 | B1: DICE | C1: NGICE | D1: BEVF282 | E1: BEVF510 | F1: BEVF600 | G1: BEVF730 | H1: BEVE510 | I1: BEVF800 | J1: BEVF900 | K1: PHEV | L1: EDPHEV | M1: ELPHEV | N1: FCEV | O1: MICE | P1: EDICE | Q1: ELICE | R1: H2ICE35 | S1: H2ICE70 | T1: NH3ICE | U1: HNICE
A2: h_trailer_hwl | B2: 700000 | C2: 700000 | D2: 700000 | E2: 700000 | F2: 700000 | G2: 700000 | H2: 700000 | I2: 700000 | J2: 700000 | K2: 700000 | L2: 700000 | M2: 700000 | N2: 700000 | O2: 700000 | P2: 700000 | Q2: 700000 | R2: 700000 | S2: 700000 | T2: 1200000 | U2: 1200000
A3: h_trailer_hws | B3: 700000 | C3: 700000 | D3: 700000 | E3: 700000 | F3: 700000 | G3: 700000 | H3: 700000 | I3: 700000 | J3: 700000 | K3: 700000 | L3: 700000 | M3: 700000 | N3: 700000 | O3: 700000 | P3: 700000 | Q3: 700000 | R3: 700000 | S3: 700000 | T3: 1200000 | U3: 1200000
A4: h_trailer_hwm | B4: 700000 | C4: 700000 | D4: 700000 | E4: 700000 | F4: 700000 | G4: 700000 | H4: 700000 | I4: 700000 | J4: 700000 | K4: 700000 | L4: 700000 | M4: 700000 | N4: 700000 | O4: 700000 | P4: 700000 | Q4: 700000 | R4: 700000 | S4: 700000 | T4: 1200000 | U4: 1200000

Sheet retireyear
B1: DICE | C1: NGICE | D1: BEVF282 | E1: BEVF510 | F1: BEVF600 | G1: BEVF730 | H1: BEVE510 | I1: BEVF800 | J1: BEVF900 | K1: PHEV | L1: EDPHEV | M1: ELPHEV | N1: FCEV | O1: MICE | P1: EDICE | Q1: ELICE | R1: H2ICE35 | S1: H2ICE70 | T1: NH3ICE | U1: HNICE
A2: h_trailer_hwl | B2: 15 | C2: 15 | D2: 15 | E2: 15 | F2: 15 | G2: 15 | H2: 15 | I2: 15 | J2: 15 | K2: 15 | L2: =Q2 -> 15 | M2: =R2 -> 15 | N2: 15 | O2: 15 | P2: 15 | Q2: 15 | R2: 15 | S2: 15 | T2: 15 | U2: 15
A3: h_trailer_hws | B3: 15 | C3: 15 | D3: 15 | E3: 15 | F3: 15 | G3: 15 | H3: 15 | I3: 15 | J3: 15 | K3: 15 | L3: =Q3 -> 15 | M3: =R3 -> 15 | N3: 15 | O3: 15 | P3: 15 | Q3: 15 | R3: 15 | S3: 15 | T3: 15 | U3: 15
A4: h_trailer_hwm | B4: 15 | C4: 15 | D4: 15 | E4: 15 | F4: 15 | G4: 15 | H4: 15 | I4: 15 | J4: 15 | K4: 15 | L4: =Q4 -> 15 | M4: =R4 -> 15 | N4: 15 | O4: 15 | P4: 15 | Q4: 15 | R4: 15 | S4: 15 | T4: 15 | U4: 15

Sheet insura
A1: 0 | B1: DICE | C1: NGICE | D1: BEVF282 | E1: BEVF510 | F1: BEVF600 | G1: BEVF730 | H1: BEVE510 | I1: BEVF800 | J1: BEVF900 | K1: PHEV | L1: EDPHEV | M1: ELPHEV | N1: FCEV | O1: MICE | P1: EDICE | Q1: ELICE | R1: H2ICE35 | S1: H2ICE70 | T1: NH3ICE | U1: HNICE
A2: h_trailer_hwl | B2: 20000 | C2: 20000 | D2: =1.25*B2 -> 25000 | E2: =1.4*B2 -> 28000 | F2: =E2 -> 28000 | G2: =1.5*B2 -> 30000 | H2: =E2 -> 28000 | I2: =G2 -> 30000 | J2: =G2 -> 30000 | K2: =1.3*B2 -> 26000 | L2: =B2*1.5 -> 30000 | M2: =C2*1.5 -> 30000 | N2: =1.5*B2 -> 30000 | O2: =E2 -> 28000 | P2: =Q2 -> 22000 | Q2: =1.1*B2 -> 22000 | R2: =1.1*B2 -> 22000 | S2: =C2 -> 20000 | T2: =1.1*B2 -> 22000 | U2: =1.1*B2 -> 22000
A3: h_trailer_hws | B3: 20000 | C3: 20000 | D3: =1.25*B3 -> 25000 | E3: =1.4*B3 -> 28000 | F3: =E3 -> 28000 | G3: =1.5*B3 -> 30000 | H3: =E3 -> 28000 | I3: =G3 -> 30000 | J3: =G3 -> 30000 | K3: =1.3*B3 -> 26000 | L3: =B3*1.5 -> 30000 | M3: =C3*1.5 -> 30000 | N3: =1.5*B3 -> 30000 | O3: =E3 -> 28000 | P3: =Q3 -> 22000 | Q3: =1.1*B3 -> 22000 | R3: =1.1*B3 -> 22000 | S3: =C3 -> 20000 | T3: =1.1*B3 -> 22000 | U3: =1.1*B3 -> 22000
A4: h_trailer_hwm | B4: 20000 | C4: 20000 | D4: =1.25*B4 -> 25000 | E4: =1.4*B4 -> 28000 | F4: =E4 -> 28000 | G4: =1.5*B4 -> 30000 | H4: =E4 -> 28000 | I4: =G4 -> 30000 | J4: =G4 -> 30000 | K4: =1.3*B4 -> 26000 | L4: =B4*1.5 -> 30000 | M4: =C4*1.5 -> 30000 | N4: =1.5*B4 -> 30000 | O4: =E4 -> 28000 | P4: =Q4 -> 22000 | Q4: =1.1*B4 -> 22000 | R4: =1.1*B4 -> 22000 | S4: =C4 -> 20000 | T4: =1.1*B4 -> 22000 | U4: =1.1*B4 -> 22000
W5: 新能源货车省钱？可能都缴高额保险了
W6: 车队调查：油车不盈利、电车“保险难”
W7: 德信 | 政策破题：新能源车险改革的三大路径与运输行业影响

Sheet cargomass1
B1: DICE | C1: NGICE | D1: BEVF282 | E1: BEVF423 | F1: BEVE282 | G1: BEVF729 | H1: BEVE512 | I1: BEVU729 | J1: PHEV | K1: EDPHEV | L1: ELPHEV | M1: FCEV | N1: MICE | O1: EDICE | P1: ELICE | Q1: H2ICE35 | R1: H2ICE70 | S1: NH3ICE | T1: HNICE
A2: h_trailer_hwl | B2: 40 | C2: 39.62 | D2: 37.97 | E2: 37.87 | F2: 38.87 | G2: 35.25 | H2: 37.25 | I2: 35.25 | J2: =J3-1 -> 38.67 | K2: =J2 -> 38.67 | L2: =K2 -> 38.67 | M2: 37.145 | N2: =N3-1 -> 38.62 | O2: =B2 -> 40 | P2: =P3-1 -> 38.62 | Q2: =Q3-1 -> 38.62 | R2: =R3-1 -> 38.62 | S2: =S3-1 -> 38.62 | T2: =T3-1 -> 38.62
A3: h_trailer_hws | B3: 40 | C3: 39.62 | D3: 37.97 | E3: 37.87 | F3: 38.87 | G3: 35.25 | H3: 37.25 | I3: 35.25 | J3: 39.67 | K3: =J3 -> 39.67 | L3: =K3 -> 39.67 | M3: 37.145 | N3: 39.62 | O3: =B3 -> 40 | P3: 39.62 | Q3: 39.62 | R3: 39.62 | S3: 39.62 | T3: 39.62
A4: h_trailer_hwm | B4: 40 | C4: 39.62 | D4: 37.97 | E4: 37.87 | F4: 38.87 | G4: 35.25 | H4: 37.25 | I4: 35.25 | J4: 39.67 | K4: =J4 -> 39.67 | L4: =K4 -> 39.67 | M4: 37.145 | N4: 39.62 | O4: =B4 -> 40 | P4: 39.62 | Q4: 39.62 | R4: 39.62 | S4: 39.62 | T4: 39.62

Sheet unitcostablecapacity1
A1: 0 | B1: DICE | C1: NGICE | D1: BEVF282 | E1: BEVF423 | F1: BEVE282 | G1: BEVF729 | H1: BEVE512 | I1: BEVU729 | J1: PHEV | K1: EDPHEV | L1: ELPHEV | M1: FCEV | N1: MICE | O1: EDICE | P1: ELICE | Q1: H2ICE35 | R1: H2ICE70 | S1: NH3ICE | T1: HNICE
A2: 2018 | B2: 30 | C2: 30 | D2: 0 | E2: 0 | F2: 0 | G2: 0 | H2: 0 | I2: 0 | J2: 30 | K2: =P2 -> 30 | L2: 30 | M2: 30 | N2: 60 | O2: 30 | P2: 30 | Q2: 60 | R2: 60 | S2: 60 | T2: 60
A3: 2019 | B3: 30 | C3: 30 | D3: 0 | E3: 0 | F3: 0 | G3: 0 | H3: 0 | I3: 0 | J3: 30 | K3: =P3 -> 30 | L3: 30 | M3: 30 | N3: 60 | O3: 30 | P3: 30 | Q3: 60 | R3: 60 | S3: 60 | T3: 60
A4: 2020 | B4: 30 | C4: 30 | D4: 0 | E4: 0 | F4: 0 | G4: 0 | H4: 0 | I4: 0 | J4: 30 | K4: =P4 -> 30 | L4: 30 | M4: 30 | N4: 60 | O4: 30 | P4: 30 | Q4: 60 | R4: 60 | S4: 60 | T4: 60
A5: 2021 | B5: 30 | C5: 30 | D5: 0 | E5: 0 | F5: 0 | G5: 0 | H5: 0 | I5: 0 | J5: 30 | K5: =P5 -> 30 | L5: 30 | M5: 30 | N5: 60 | O5: 30 | P5: 30 | Q5: 60 | R5: 60 | S5: 60 | T5: 60
A6: 2022 | B6: 30 | C6: 30 | D6: 0 | E6: 0 | F6: 0 | G6: 0 | H6: 0 | I6: 0 | J6: 30 | K6: =P6 -> 30 | L6: 30 | M6: 30 | N6: 60 | O6: 30 | P6: 30 | Q6: 60 | R6: 60 | S6: 60 | T6: 60
A7: 2023 | B7: 30 | C7: 30 | D7: 0 | E7: 0 | F7: 0 | G7: 0 | H7: 0 | I7: 0 | J7: 30 | K7: =P7 -> 30 | L7: 30 | M7: 30 | N7: 60 | O7: 30 | P7: 30 | Q7: 60 | R7: 60 | S7: 60 | T7: 60
A8: 2024 | B8: 30 | C8: 30 | D8: 0 | E8: 0 | F8: 0 | G8: 0 | H8: 0 | I8: 0 | J8: 30 | K8: =P8 -> 30 | L8: 30 | M8: 30 | N8: 60 | O8: 30 | P8: 30 | Q8: 60 | R8: 60 | S8: 60 | T8: 60
A9: 2025 | B9: 30 | C9: 30 | D9: 0 | E9: 0 | F9: 0 | G9: 0 | H9: 0 | I9: 0 | J9: 30 | K9: =P9 -> 30 | L9: 30 | M9: 30 | N9: 60 | O9: 30 | P9: 30 | Q9: 60 | R9: 60 | S9: 60 | T9: 60
A10: 2026 | B10: 30 | C10: 30 | D10: 0 | E10: 0 | F10: 0 | G10: 0 | H10: 0 | I10: 0 | J10: 30 | K10: =P10 -> 30 | L10: 30 | M10: 30 | N10: 60 | O10: 30 | P10: 30 | Q10: 60 | R10: 60 | S10: 60 | T10: 60
A11: 2027 | B11: 30 | C11: 30 | D11: 0 | E11: 0 | F11: 0 | G11: 0 | H11: 0 | I11: 0 | J11: 30 | K11: =P11 -> 30 | L11: 30 | M11: 30 | N11: 60 | O11: 30 | P11: 30 | Q11: 60 | R11: 60 | S11: 60 | T11: 60
A12: 2028 | B12: 30 | C12: 30 | D12: 0 | E12: 0 | F12: 0 | G12: 0 | H12: 0 | I12: 0 | J12: 30 | K12: =P12 -> 30 | L12: 30 | M12: 30 | N12: 60 | O12: 30 | P12: 30 | Q12: 60 | R12: 60 | S12: 60 | T12: 60
A13: 2029 | B13: 30 | C13: 30 | D13: 0 | E13: 0 | F13: 0 | G13: 0 | H13: 0 | I13: 0 | J13: 30 | K13: =P13 -> 30 | L13: 30 | M13: 30 | N13: 60 | O13: 30 | P13: 30 | Q13: 60 | R13: 60 | S13: 60 | T13: 60
... A44: 2060 | B44: 30 | C44: 30 | D44: 0 | E44: 0 | F44: 0 | G44: 0 | H44: 0 | I44: 0 | J44: 30 | K44: =P44 -> 30 | L44: 30 | M44: 30 | N44: 60 | O44: 30 | P44: 30 | Q44: 60 | R44: 60 | S44: 60 | T44: 60

Sheet unitcostrestcapacity1
A1: 0 | B1: DICE | C1: NGICE | D1: BEVF282 | E1: BEVF423 | F1: BEVE282 | G1: BEVF729 | H1: BEVE512 | I1: BEVU729 | J1: PHEV | K1: EDPHEV | L1: ELPHEV | M1: FCEV | N1: MICE | O1: EDICE | P1: ELICE | Q1: H2ICE35 | R1: H2ICE70 | S1: NH3ICE | T1: HNICE
A2: 2018 | B2: 20 | C2: 20 | D2: 0 | E2: 0 | F2: 0 | G2: 0 | H2: 0 | I2: 0 | J2: 20 | K2: =P2 -> 20 | L2: 20 | M2: 20 | N2: 20 | O2: 20 | P2: 20 | Q2: 20 | R2: 20 | S2: 20 | T2: 20
A3: 2019 | B3: 20 | C3: 20 | D3: 0 | E3: 0 | F3: 0 | G3: 0 | H3: 0 | I3: 0 | J3: 20 | K3: =P3 -> 20 | L3: 20 | M3: 20 | N3: 20 | O3: 20 | P3: 20 | Q3: 20 | R3: 20 | S3: 20 | T3: 20
A4: 2020 | B4: 20 | C4: 20 | D4: 0 | E4: 0 | F4: 0 | G4: 0 | H4: 0 | I4: 0 | J4: 20 | K4: =P4 -> 20 | L4: 20 | M4: 20 | N4: 20 | O4: 20 | P4: 20 | Q4: 20 | R4: 20 | S4: 20 | T4: 20
A5: 2021 | B5: 20 | C5: 20 | D5: 0 | E5: 0 | F5: 0 | G5: 0 | H5: 0 | I5: 0 | J5: 20 | K5: =P5 -> 20 | L5: 20 | M5: 20 | N5: 20 | O5: 20 | P5: 20 | Q5: 20 | R5: 20 | S5: 20 | T5: 20
A6: 2022 | B6: 20 | C6: 20 | D6: 0 | E6: 0 | F6: 0 | G6: 0 | H6: 0 | I6: 0 | J6: 20 | K6: =P6 -> 20 | L6: 20 | M6: 20 | N6: 20 | O6: 20 | P6: 20 | Q6: 20 | R6: 20 | S6: 20 | T6: 20
A7: 2023 | B7: 20 | C7: 20 | D7: 0 | E7: 0 | F7: 0 | G7: 0 | H7: 0 | I7: 0 | J7: 20 | K7: =P7 -> 20 | L7: 20 | M7: 20 | N7: 20 | O7: 20 | P7: 20 | Q7: 20 | R7: 20 | S7: 20 | T7: 20
A8: 2024 | B8: 20 | C8: 20 | D8: 0 | E8: 0 | F8: 0 | G8: 0 | H8: 0 | I8: 0 | J8: 20 | K8: =P8 -> 20 | L8: 20 | M8: 20 | N8: 20 | O8: 20 | P8: 20 | Q8: 20 | R8: 20 | S8: 20 | T8: 20
A9: 2025 | B9: 20 | C9: 20 | D9: 0 | E9: 0 | F9: 0 | G9: 0 | H9: 0 | I9: 0 | J9: 20 | K9: =P9 -> 20 | L9: 20 | M9: 20 | N9: 20 | O9: 20 | P9: 20 | Q9: 20 | R9: 20 | S9: 20 | T9: 20
A10: 2026 | B10: 20 | C10: 20 | D10: 0 | E10: 0 | F10: 0 | G10: 0 | H10: 0 | I10: 0 | J10: 20 | K10: =P10 -> 20 | L10: 20 | M10: 20 | N10: 20 | O10: 20 | P10: 20 | Q10: 20 | R10: 20 | S10: 20 | T10: 20
A11: 2027 | B11: 20 | C11: 20 | D11: 0 | E11: 0 | F11: 0 | G11: 0 | H11: 0 | I11: 0 | J11: 20 | K11: =P11 -> 20 | L11: 20 | M11: 20 | N11: 20 | O11: 20 | P11: 20 | Q11: 20 | R11: 20 | S11: 20 | T11: 20
A12: 2028 | B12: 20 | C12: 20 | D12: 0 | E12: 0 | F12: 0 | G12: 0 | H12: 0 | I12: 0 | J12: 20 | K12: =P12 -> 20 | L12: 20 | M12: 20 | N12: 20 | O12: 20 | P12: 20 | Q12: 20 | R12: 20 | S12: 20 | T12: 20
A13: 2029 | B13: 20 | C13: 20 | D13: 0 | E13: 0 | F13: 0 | G13: 0 | H13: 0 | I13: 0 | J13: 20 | K13: =P13 -> 20 | L13: 20 | M13: 20 | N13: 20 | O13: 20 | P13: 20 | Q13: 20 | R13: 20 | S13: 20 | T13: 20
... A44: 2060 | B44: 20 | C44: 20 | D44: 0 | E44: 0 | F44: 0 | G44: 0 | H44: 0 | I44: 0 | J44: 20 | K44: =P44 -> 20 | L44: 20 | M44: 20 | N44: 20 | O44: 20 | P44: 20 | Q44: 20 | R44: 20 | S44: 20 | T44: 20

Sheet citecarbonintensity1
B1: DICE | C1: NGICE | D1: BEVF282 | E1: BEVF423 | F1: BEVE282 | G1: BEVF729 | H1: BEVE512 | I1: BEVU729 | J1: PHEV | K1: EDPHEV | L1: ELPHEV | M1: FCEV | N1: MICE | O1: EDICE | P1: ELICE | Q1: H2ICE35 | R1: H2ICE70 | S1: NH3ICE | T1: HNICE
A2: 2018 | B2: 87.5 | C2: 63.5 | D2: 173.5 | E2: 173.5 | F2: 173.5 | G2: 173.5 | H2: 173.5 | I2: 173.5 | J2: 0 | K2: 0 | L2: 0 | M2: 6.61 | N2: 174.57 | O2: 14 | P2: 14 | Q2: =M2 -> 6.61 | R2: =M2 -> 6.61 | S2: =1.2*M2 -> 7.932 | T2: =M2 -> 6.61
A3: 2019 | B3: 87.5 | C3: 63.5 | D3: 168.7 | E3: 168.7 | F3: 168.7 | G3: 168.7 | H3: 168.7 | I3: 168.7 | J3: 0 | K3: 0 | L3: 0 | M3: 6.5596875 | N3: =N2-1 -> 173.57 | O3: 14 | P3: 14 | Q3: =M3 -> 6.5596875 | R3: =M3 -> 6.5596875 | S3: =1.2*M3 -> 7.871625 | T3: =M3 -> 6.5596875 | W3: gCO2-eq/MJ
A4: 2020 | B4: 87.5 | C4: 63.5 | D4: 163.9 | E4: 163.9 | F4: 163.9 | G4: 163.9 | H4: 163.9 | I4: 163.9 | J4: 0 | K4: 0 | L4: 0 | M4: 6.509375 | N4: =N3-1 -> 172.57 | O4: 14 | P4: 14 | Q4: =M4 -> 6.509375 | R4: =M4 -> 6.509375 | S4: =1.2*M4 -> 7.81125 | T4: =M4 -> 6.509375
A5: 2021 | B5: 87.5 | C5: 63.5 | D5: 159.1 | E5: 159.1 | F5: 159.1 | G5: 159.1 | H5: 159.1 | I5: 159.1 | J5: 0 | K5: 0 | L5: 0 | M5: 6.4590625 | N5: =N4-1 -> 171.57 | O5: 14 | P5: 14 | Q5: =M5 -> 6.4590625 | R5: =M5 -> 6.4590625 | S5: =1.2*M5 -> 7.750875 | T5: =M5 -> 6.4590625 | W5: he GHG emissions of methanol synthesis are 3.474 kg CO2-eq/ kg | X5: 3474 g CO2-eq/ kg | Y5: 174.57gCO2-eq/MJ
A6: 2022 | B6: 87.5 | C6: 63.5 | D6: 154.3 | E6: 154.3 | F6: 154.3 | G6: 154.3 | H6: 154.3 | I6: 154.3 | J6: 0 | K6: 0 | L6: 0 | M6: 6.40875 | N6: =N5-1 -> 170.57 | O6: 14 | P6: 14 | Q6: =M6 -> 6.40875 | R6: =M6 -> 6.40875 | S6: =1.2*M6 -> 7.6905 | T6: =M6 -> 6.40875
A7: 2023 | B7: 87.5 | C7: 63.5 | D7: 149.5 | E7: 149.5 | F7: 149.5 | G7: 149.5 | H7: 149.5 | I7: 149.5 | J7: 0 | K7: 0 | L7: 0 | M7: 6.3584375 | N7: =N6-1 -> 169.57 | O7: 14 | P7: 14 | Q7: =M7 -> 6.3584375 | R7: =M7 -> 6.3584375 | S7: =1.2*M7 -> 7.630125 | T7: =M7 -> 6.3584375 | W7: 100%efuel-diesel是 | X7: 14.0 gCO2-eq/MJ.
A8: 2024 | B8: 87.5 | C8: 63.5 | D8: 144.7 | E8: 144.7 | F8: 144.7 | G8: 144.7 | H8: 144.7 | I8: 144.7 | J8: 0 | K8: 0 | L8: 0 | M8: 6.308125 | N8: =N7-1 -> 168.57 | O8: 14 | P8: 14 | Q8: =M8 -> 6.308125 | R8: =M8 -> 6.308125 | S8: =1.2*M8 -> 7.56975 | T8: =M8 -> 6.308125
A9: 2025 | B9: 87.5 | C9: 63.5 | D9: 139.9 | E9: 139.9 | F9: 139.9 | G9: 139.9 | H9: 139.9 | I9: 139.9 | J9: 0 | K9: 0 | L9: 0 | M9: 6.2578125 | N9: =N8-1 -> 167.57 | O9: 14 | P9: 14 | Q9: =M9 -> 6.2578125 | R9: =M9 -> 6.2578125 | S9: =1.2*M9 -> 7.509375 | T9: =M9 -> 6.2578125
A10: 2026 | B10: 87.5 | C10: 63.5 | D10: 133.62 | E10: 133.62 | F10: 133.62 | G10: 133.62 | H10: 133.62 | I10: 133.62 | J10: 0 | K10: 0 | L10: 0 | M10: 6.2075 | N10: =N9-1 -> 166.57 | O10: 14 | P10: 14 | Q10: =M10 -> 6.2075 | R10: =M10 -> 6.2075 | S10: =1.2*M10 -> 7.449 | T10: =M10 -> 6.2075
A11: 2027 | B11: 87.5 | C11: 63.5 | D11: 127.34 | E11: 127.34 | F11: 127.34 | G11: 127.34 | H11: 127.34 | I11: 127.34 | J11: 0 | K11: 0 | L11: 0 | M11: 6.1571875 | N11: =N10-1 -> 165.57 | O11: 14 | P11: 14 | Q11: =M11 -> 6.1571875 | R11: =M11 -> 6.1571875 | S11: =1.2*M11 -> 7.388625 | T11: =M11 -> 6.1571875
A12: 2028 | B12: 87.5 | C12: 63.5 | D12: 121.06 | E12: 121.06 | F12: 121.06 | G12: 121.06 | H12: 121.06 | I12: 121.06 | J12: 0 | K12: 0 | L12: 0 | M12: 6.106875 | N12: =N11-1 -> 164.57 | O12: 14 | P12: 14 | Q12: =M12 -> 6.106875 | R12: =M12 -> 6.106875 | S12: =1.2*M12 -> 7.32825 | T12: =M12 -> 6.106875
A13: 2029 | B13: 87.5 | C13: 63.5 | D13: 114.78 | E13: 114.78 | F13: 114.78 | G13: 114.78 | H13: 114.78 | I13: 114.78 | J13: 0 | K13: 0 | L13: 0 | M13: 6.0565625 | N13: =N12-1 -> 163.57 | O13: 14 | P13: 14 | Q13: =M13 -> 6.0565625 | R13: =M13 -> 6.0565625 | S13: =1.2*M13 -> 7.267875 | T13: =M13 -> 6.0565625
A14: 2030 | B14: 87.5 | C14: 63.5 | D14: 108.5 | E14: 108.5 | F14: 108.5 | G14: 108.5 | H14: 108.5 | I14: 108.5 | J14: 0 | K14: 0 | L14: 0 | M14: 6.00625 | N14: =N13-1 -> 162.57 | O14: 14 | P14: 14 | Q14: =M14 -> 6.00625 | R14: =M14 -> 6.00625 | S14: =1.2*M14 -> 7.2075 | T14: =M14 -> 6.00625
A15: 2031 | B15: 87.5 | C15: 63.5 | D15: 102.22 | E15: 102.22 | F15: 102.22 | G15: 102.22 | H15: 102.22 | I15: 102.22 | J15: 0 | K15: 0 | L15: 0 | M15: 5.9559375 | N15: =N14-1 -> 161.57 | O15: 14 | P15: 14 | Q15: =M15 -> 5.9559375 | R15: =M15 -> 5.9559375 | S15: =1.2*M15 -> 7.147125 | T15: =M15 -> 5.9559375
A16: 2032 | B16: 87.5 | C16: 63.5 | D16: 95.94 | E16: 95.94 | F16: 95.94 | G16: 95.94 | H16: 95.94 | I16: 95.94 | J16: 0 | K16: 0 | L16: 0 | M16: 5.905625 | N16: =N15-1 -> 160.57 | O16: 14 | P16: 14 | Q16: =M16 -> 5.905625 | R16: =M16 -> 5.905625 | S16: =1.2*M16 -> 7.08675 | T16: =M16 -> 5.905625
A17: 2033 | B17: 87.5 | C17: 63.5 | D17: 89.66 | E17: 89.66 | F17: 89.66 | G17: 89.66 | H17: 89.66 | I17: 89.66 | J17: 0 | K17: 0 | L17: 0 | M17: 5.8553125 | N17: =N16-1 -> 159.57 | O17: 14 | P17: 14 | Q17: =M17 -> 5.8553125 | R17: =M17 -> 5.8553125 | S17: =1.2*M17 -> 7.026375 | T17: =M17 -> 5.8553125
A18: 2034 | B18: 87.5 | C18: 63.5 | D18: 83.38 | E18: 83.38 | F18: 83.38 | G18: 83.38 | H18: 83.38 | I18: 83.38 | J18: 0 | K18: 0 | L18: 0 | M18: 5.805 | N18: =N17-1 -> 158.57 | O18: 14 | P18: 14 | Q18: =M18 -> 5.805 | R18: =M18 -> 5.805 | S18: =1.2*M18 -> 6.966 | T18: =M18 -> 5.805
A19: 2035 | B19: 87.5 | C19: 63.5 | D19: 77.1 | E19: 77.1 | F19: 77.1 | G19: 77.1 | H19: 77.1 | I19: 77.1 | J19: 0 | K19: 0 | L19: 0 | M19: 5.7546875 | N19: =N18-1 -> 157.57 | O19: 14 | P19: 14 | Q19: =M19 -> 5.7546875 | R19: =M19 -> 5.7546875 | S19: =1.2*M19 -> 6.905625 | T19: =M19 -> 5.7546875
... A44: 2060 | B44: 87.5 | C44: 63.5 | D44: 20.3 | E44: 20.3 | F44: 20.3 | G44: 20.3 | H44: 20.3 | I44: 20.3 | J44: 0 | K44: 0 | L44: 0 | M44: 5 | N44: =N43-1 -> 132.57 | O44: 14 | P44: 14 | Q44: =M44 -> 5 | R44: =M44 -> 5 | S44: =1.2*M44 -> 6 | T44: =M44 -> 5

Sheet visioncarbonintensity
